opcode	framing	family	localLab_status	authority
0	FIXED_0	startup_region_ack	CLIENT_CONTROL_TELEMETRY	EXACT_CURRENT_CLIENT_V308
2	FIXED_2	detached_serializer_u16_be	SERIALIZER_ONLY_SEMANTIC_UNKNOWN	EXACT_CURRENT_CLIENT_V308
3	FIXED_1	focus_state	CLIENT_CONTROL_TELEMETRY	EXACT_CURRENT_CLIENT_V308
4	VAR_BYTE	public_chat_message	EXACT_RESEARCH_SEMANTIC_NOT_CURRENT_MAIN	EXACT_CURRENT_CLIENT_V308
6	FIXED_2	detached_serializer_u16_be	SERIALIZER_ONLY_SEMANTIC_UNKNOWN	EXACT_CURRENT_CLIENT_V308
14	FIXED_8	item_on_player	SEMANTICALLY_DECODED_CURRENT_MAIN	EXACT_CURRENT_CLIENT_V308
16	FIXED_6	inventory_item_option_3	SEMANTICALLY_DECODED_CURRENT_MAIN	EXACT_CURRENT_CLIENT_V308
17	FIXED_2	npc_option_3	SEMANTICALLY_DECODED_CURRENT_MAIN	EXACT_CURRENT_CLIENT_V308
18	FIXED_2	npc_option_5	SEMANTICALLY_DECODED_CURRENT_MAIN	EXACT_CURRENT_CLIENT_V308
21	FIXED_2	npc_option_4	SEMANTICALLY_DECODED_CURRENT_MAIN	EXACT_CURRENT_CLIENT_V308
23	FIXED_6	ground_item_option_2	SEMANTICALLY_DECODED_CURRENT_MAIN	EXACT_CURRENT_CLIENT_V308
25	FIXED_12	item_on_ground	SEMANTICALLY_DECODED_CURRENT_MAIN	EXACT_CURRENT_CLIENT_V308
35	FIXED_8	spell_on_object	SEMANTICALLY_DECODED_CURRENT_MAIN	EXACT_CURRENT_CLIENT_V308
36	FIXED_4	periodic_movement_checksum_telemetry	CLIENT_CONTROL_TELEMETRY	EXACT_CURRENT_CLIENT_V308
39	FIXED_2	player_option_5	SEMANTICALLY_DECODED_CURRENT_MAIN	EXACT_CURRENT_CLIENT_V308
40	FIXED_2	dialogue_continue	EXACT_RESEARCH_SEMANTIC_NOT_CURRENT_MAIN	EXACT_CURRENT_CLIENT_V308
41	FIXED_6	inventory_item_option_2	SEMANTICALLY_DECODED_CURRENT_MAIN	EXACT_CURRENT_CLIENT_V308
43	FIXED_6	widget_item_option_3	SEMANTICALLY_DECODED_CURRENT_MAIN	EXACT_CURRENT_CLIENT_V308
53	FIXED_12	item_on_item	SEMANTICALLY_DECODED_CURRENT_MAIN	EXACT_CURRENT_CLIENT_V308
57	FIXED_8	item_on_npc	SEMANTICALLY_DECODED_CURRENT_MAIN	EXACT_CURRENT_CLIENT_V308
60	FIXED_8	name_entry_response_i64_name_key	EXACT_RESEARCH_SEMANTIC_NOT_CURRENT_MAIN	EXACT_CURRENT_CLIENT_V308
70	FIXED_6	object_option_3	SEMANTICALLY_DECODED_CURRENT_MAIN	EXACT_CURRENT_CLIENT_V308
72	FIXED_2	npc_attack_option_2	SEMANTICALLY_DECODED_CURRENT_MAIN	EXACT_CURRENT_CLIENT_V308
73	FIXED_2	player_option_3	SEMANTICALLY_DECODED_CURRENT_MAIN	EXACT_CURRENT_CLIENT_V308
74	FIXED_8	remove_ignore_i64_name_key	EXACT_RESEARCH_SEMANTIC_NOT_CURRENT_MAIN	EXACT_CURRENT_CLIENT_V308
75	FIXED_6	inventory_item_option_4	SEMANTICALLY_DECODED_CURRENT_MAIN	EXACT_CURRENT_CLIENT_V308
77	VAR_BYTE	periodic_telemetry	CLIENT_CONTROL_TELEMETRY	EXACT_CURRENT_CLIENT_V308
78	FIXED_0	detached_serializer_empty	SERIALIZER_ONLY_SEMANTIC_UNKNOWN	EXACT_CURRENT_CLIENT_V308
79	FIXED_6	ground_item_option_5	SEMANTICALLY_DECODED_CURRENT_MAIN	EXACT_CURRENT_CLIENT_V308
85	FIXED_1	interaction_counter_control_probe_const66	CLIENT_CONTROL_TELEMETRY	EXACT_CURRENT_CLIENT_V308
86	FIXED_4	camera_orientation_control_update	CLIENT_CONTROL_TELEMETRY	EXACT_CURRENT_CLIENT_V308
87	FIXED_6	inventory_drop	SEMANTICALLY_DECODED_CURRENT_MAIN	EXACT_CURRENT_CLIENT_V308
95	FIXED_3	chat_mode_settings	EXACT_RESEARCH_SEMANTIC_NOT_CURRENT_MAIN	EXACT_CURRENT_CLIENT_V308
98	VAR_BYTE	movement	SEMANTICALLY_DECODED_CURRENT_MAIN	EXACT_CURRENT_CLIENT_V308
101	FIXED_13	character_design	EXACT_RESEARCH_SEMANTIC_NOT_CURRENT_MAIN	EXACT_CURRENT_CLIENT_V308
103	VAR_BYTE	command_transport	SEMANTICALLY_DECODED_CURRENT_MAIN	EXACT_CURRENT_CLIENT_V308
109	FIXED_12	detached_serializer_six_u16_fields	SERIALIZER_ONLY_SEMANTIC_UNKNOWN	EXACT_CURRENT_CLIENT_V308
117	FIXED_6	widget_item_option_2	SEMANTICALLY_DECODED_CURRENT_MAIN	EXACT_CURRENT_CLIENT_V308
120	FIXED_1	tab_state_acknowledgement	CLIENT_CONTROL_TELEMETRY	EXACT_CURRENT_CLIENT_V308
121	FIXED_0	loading_complete_ack	CLIENT_CONTROL_TELEMETRY	EXACT_CURRENT_CLIENT_V308
122	FIXED_6	inventory_item_option_1	SEMANTICALLY_DECODED_CURRENT_MAIN	EXACT_CURRENT_CLIENT_V308
126	VAR_BYTE	private_message	EXACT_RESEARCH_SEMANTIC_NOT_CURRENT_MAIN	EXACT_CURRENT_CLIENT_V308
128	FIXED_2	player_option_1	SEMANTICALLY_DECODED_CURRENT_MAIN	EXACT_CURRENT_CLIENT_V308
129	FIXED_6	widget_item_option_4	SEMANTICALLY_DECODED_CURRENT_MAIN	EXACT_CURRENT_CLIENT_V308
130	FIXED_0	interface_close	SEMANTICALLY_DECODED_CURRENT_MAIN	EXACT_CURRENT_CLIENT_V308
131	FIXED_4	spell_on_npc	SEMANTICALLY_DECODED_CURRENT_MAIN	EXACT_CURRENT_CLIENT_V308
132	FIXED_6	object_option_1	SEMANTICALLY_DECODED_CURRENT_MAIN	EXACT_CURRENT_CLIENT_V308
133	FIXED_8	add_ignore_i64_name_key	EXACT_RESEARCH_SEMANTIC_NOT_CURRENT_MAIN	EXACT_CURRENT_CLIENT_V308
135	FIXED_6	widget_item_option_5	SEMANTICALLY_DECODED_CURRENT_MAIN	EXACT_CURRENT_CLIENT_V308
136	FIXED_0	interaction_counter_control_probe_empty	CLIENT_CONTROL_TELEMETRY	EXACT_CURRENT_CLIENT_V308
139	FIXED_2	player_option_4	SEMANTICALLY_DECODED_CURRENT_MAIN	EXACT_CURRENT_CLIENT_V308
140	FIXED_6	bank_all_but_one_or_bag_exchange	SEMANTICALLY_DECODED_CURRENT_MAIN	EXACT_CURRENT_CLIENT_V308
141	FIXED_10	bank_configured_amount	SEMANTICALLY_DECODED_CURRENT_MAIN	EXACT_CURRENT_CLIENT_V308
145	FIXED_6	widget_item_option_1	SEMANTICALLY_DECODED_CURRENT_MAIN	EXACT_CURRENT_CLIENT_V308
148	FIXED_0	periodic_ui_control_probe_empty	CLIENT_CONTROL_TELEMETRY	EXACT_CURRENT_CLIENT_V308
150	FIXED_0	periodic_client_loop_control_probe_empty	CLIENT_CONTROL_TELEMETRY	EXACT_CURRENT_CLIENT_V308
152	FIXED_1	interaction_counter_control_probe_const88	CLIENT_CONTROL_TELEMETRY	EXACT_CURRENT_CLIENT_V308
153	FIXED_2	player_option_2	SEMANTICALLY_DECODED_CURRENT_MAIN	EXACT_CURRENT_CLIENT_V308
155	FIXED_2	npc_option_1	SEMANTICALLY_DECODED_CURRENT_MAIN	EXACT_CURRENT_CLIENT_V308
156	FIXED_6	ground_item_option_1	SEMANTICALLY_DECODED_CURRENT_MAIN	EXACT_CURRENT_CLIENT_V308
164	VAR_BYTE	movement	SEMANTICALLY_DECODED_CURRENT_MAIN	EXACT_CURRENT_CLIENT_V308
176	FIXED_6	widget_item_option_6	SEMANTICALLY_DECODED_CURRENT_MAIN	EXACT_CURRENT_CLIENT_V308
181	FIXED_8	spell_on_ground_item	SEMANTICALLY_DECODED_CURRENT_MAIN	EXACT_CURRENT_CLIENT_V308
183	FIXED_3	interaction_counter_control_probe_const15086193	CLIENT_CONTROL_TELEMETRY	EXACT_CURRENT_CLIENT_V308
185	FIXED_2	widget_action_transport	SEMANTICALLY_DECODED_CURRENT_MAIN	EXACT_CURRENT_CLIENT_V308
188	FIXED_8	add_friend_i64_name_key	EXACT_RESEARCH_SEMANTIC_NOT_CURRENT_MAIN	EXACT_CURRENT_CLIENT_V308
189	FIXED_1	interaction_counter_control_probe_const234	CLIENT_CONTROL_TELEMETRY	EXACT_CURRENT_CLIENT_V308
192	FIXED_12	item_on_object	SEMANTICALLY_DECODED_CURRENT_MAIN	EXACT_CURRENT_CLIENT_V308
200	FIXED_2	interaction_counter_control_probe_const25501	CLIENT_CONTROL_TELEMETRY	EXACT_CURRENT_CLIENT_V308
202	FIXED_0	keepalive	CLIENT_CONTROL_TELEMETRY	EXACT_CURRENT_CLIENT_V308
208	FIXED_4	amount_entry	SEMANTICALLY_DECODED_CURRENT_MAIN	EXACT_CURRENT_CLIENT_V308
210	FIXED_4	fixed_magic_control_probe_1057001181	CLIENT_CONTROL_TELEMETRY	EXACT_CURRENT_CLIENT_V308
214	FIXED_7	container_drag	SEMANTICALLY_DECODED_CURRENT_MAIN	EXACT_CURRENT_CLIENT_V308
215	FIXED_8	remove_friend_i64_name_key	EXACT_RESEARCH_SEMANTIC_NOT_CURRENT_MAIN	EXACT_CURRENT_CLIENT_V308
218	FIXED_10	report_abuse_name_rule_mute	EXACT_RESEARCH_SEMANTIC_NOT_CURRENT_MAIN	EXACT_CURRENT_CLIENT_V308
226	VAR_BYTE	randomized_telemetry	CLIENT_CONTROL_TELEMETRY	EXACT_CURRENT_CLIENT_V308
228	FIXED_6	object_option_5	SEMANTICALLY_DECODED_CURRENT_MAIN	EXACT_CURRENT_CLIENT_V308
230	FIXED_1	interaction_counter_control_probe_const239	CLIENT_CONTROL_TELEMETRY	EXACT_CURRENT_CLIENT_V308
234	FIXED_6	object_option_4	SEMANTICALLY_DECODED_CURRENT_MAIN	EXACT_CURRENT_CLIENT_V308
236	FIXED_6	ground_item_option_3	SEMANTICALLY_DECODED_CURRENT_MAIN	EXACT_CURRENT_CLIENT_V308
237	FIXED_8	spell_on_inventory_item	SEMANTICALLY_DECODED_CURRENT_MAIN	EXACT_CURRENT_CLIENT_V308
246	VAR_BYTE	randomized_integrity_control_telemetry	CLIENT_CONTROL_TELEMETRY	EXACT_CURRENT_CLIENT_V308
248	VAR_BYTE	minimap_movement	SEMANTICALLY_DECODED_CURRENT_MAIN	EXACT_CURRENT_CLIENT_V308
249	FIXED_4	spell_on_player	SEMANTICALLY_DECODED_CURRENT_MAIN	EXACT_CURRENT_CLIENT_V308
252	FIXED_6	object_option_2	SEMANTICALLY_DECODED_CURRENT_MAIN	EXACT_CURRENT_CLIENT_V308
253	FIXED_6	ground_item_option_4	SEMANTICALLY_DECODED_CURRENT_MAIN	EXACT_CURRENT_CLIENT_V308
