item_id	item_name	relation_kind	target_text	target_name_normalized	target_candidate_ids	source	evidence_text	certainty
12419	Light infinity hat	SAME_STATS	zuriel's robes	zuriel robes		CURRENT_HOVERS_YAML	Cosmetic variation of infinity. Same stats as zuriel's robes.	EXACT_TEXT_RELATION; TARGET_ID_MATCH_CONSERVATIVE
12420	Light infinity hat	SAME_STATS	zuriel's robes	zuriel robes		CURRENT_HOVERS_YAML	Cosmetic variation of infinity. Same stats as zuriel's robes.	EXACT_TEXT_RELATION; TARGET_ID_MATCH_CONSERVATIVE
12421	Light infinity bottoms	SAME_STATS	zuriel's robes	zuriel robes		CURRENT_HOVERS_YAML	Cosmetic variation of infinity. Same stats as zuriel's robes.	EXACT_TEXT_RELATION; TARGET_ID_MATCH_CONSERVATIVE
12423	Light infinity top	SAME_STATS	zuriel's robes	zuriel robes		CURRENT_HOVERS_YAML	Cosmetic variation of infinity. Same stats as zuriel's robes.	EXACT_TEXT_RELATION; TARGET_ID_MATCH_CONSERVATIVE
12457	Dark infinity hat	SAME_STATS	zuriel's robes	zuriel robes		CURRENT_HOVERS_YAML	Cosmetic variation of infinity. Same stats as zuriel's robes.	EXACT_TEXT_RELATION; TARGET_ID_MATCH_CONSERVATIVE
12458	Dark infinity top	SAME_STATS	zuriel's robes	zuriel robes		CURRENT_HOVERS_YAML	Cosmetic variation of infinity. Same stats as zuriel's robes.	EXACT_TEXT_RELATION; TARGET_ID_MATCH_CONSERVATIVE
12459	Dark infinity bottoms	SAME_STATS	zuriel's robes	zuriel robes		CURRENT_HOVERS_YAML	Cosmetic variation of infinity. Same stats as zuriel's robes.	EXACT_TEXT_RELATION; TARGET_ID_MATCH_CONSERVATIVE
15550	V.I.P Wings	SAME_STATS	tokhaar-kal	tokhaar kal	23639|23640|25916|25917|25918|25919|25920	CURRENT_HOVERS_YAML	Untradeable and Autokeep . Has the same stats as the tokhaar-kal.	EXACT_TEXT_RELATION; TARGET_ID_MATCH_CONSERVATIVE
15551	Legendary Wings	SAME_STATS	completionist cape	completionist cape	15621|19050|19051	CURRENT_HOVERS_YAML	Untradeable and Autokeep . Has the same stats as the completionist cape. Has same effects as blood and bounty capes.	EXACT_TEXT_RELATION; TARGET_ID_MATCH_CONSERVATIVE
17273	Flameburst defender	SAME_ATTACK_BONUSES	dragon defender	dragon defender	12954|20532|21557|28149	CURRENT_HOVERS_YAML	Has same attack bonuses as the dragon defender, but with an 8 strength bonus.	EXACT_TEXT_RELATION; TARGET_ID_MATCH_CONSERVATIVE
19323	Amulet of eternal glory	SAME_STATS	fury (or)	fury	6585|6586|19335|22932	CURRENT_HOVERS_YAML	Same stats as the fury (or). Rubbing this amulet will allow you to teleport home at level 30 wild.	EXACT_TEXT_RELATION; TARGET_ID_MATCH_CONSERVATIVE
20532	Dragon defender (t)	SAME_STATS	Flameburst	flameburst	17273|21737|27294	CURRENT_HOVERS_YAML	Same stats as the Flameburst. Untradeable and Autokeep .	EXACT_TEXT_RELATION; TARGET_ID_MATCH_CONSERVATIVE
20558	Fused slayer helmet	SAME_BONUSES	colored slayer helmets	colored slayer helmets		CURRENT_HOVERS_YAML	Same bonuses as colored slayer helmets, but with better stats and a drop rate bonus.	EXACT_TEXT_RELATION; TARGET_ID_MATCH_CONSERVATIVE
21036	Lava relic	SAME_STATS	a magma helm	a magma helm		CURRENT_HOVERS_YAML	"Attaches to a fused slayer helmet. Creates ""lava slayer helm"" with same stats as a magma helm. Deal +7.5% melee damage against monsters (42.5% total) but -10% damage with range & magic."	EXACT_TEXT_RELATION; TARGET_ID_MATCH_CONSERVATIVE
21037	Frost relic	SAME_STATS	a tanzanite helm	a tanzanite helm		CURRENT_HOVERS_YAML	"Attaches to a fused slayer helmet. Creates ""frost slayer helm"" with same stats as a tanzanite helm. Deal +7.5% magic damage on monsters (42.5% total) but -10% damage with range & melee"	EXACT_TEXT_RELATION; TARGET_ID_MATCH_CONSERVATIVE
21557	Dragon defender (t) (broken)	SAME_STATS	Flameburst	flameburst	17273|21737|27294	CURRENT_HOVERS_YAML	Same stats as the Flameburst. Untradeable and Autokeep .	EXACT_TEXT_RELATION; TARGET_ID_MATCH_CONSERVATIVE
21737	Flameburst defender	SAME_ATTACK_BONUSES	dragon defender	dragon defender	12954|20532|21557|28149	CURRENT_HOVERS_YAML	Has same attack bonuses as the dragon defender, but with an 8 strength bonus.	EXACT_TEXT_RELATION; TARGET_ID_MATCH_CONSERVATIVE
22023	Solar knight helm	SAME_STATS	Statius's full helm	statius full helm	13896|21929|23092	CURRENT_HOVERS_YAML	Same stats as Statius's full helm	EXACT_TEXT_RELATION; TARGET_ID_MATCH_CONSERVATIVE
22024	Solar knight platebody	SAME_STATS	Vesta's armor	vesta armor		CURRENT_HOVERS_YAML	Same stats as Vesta's armor.	EXACT_TEXT_RELATION; TARGET_ID_MATCH_CONSERVATIVE
22025	Solar knight platelegs	SAME_STATS	Vesta's armor	vesta armor		CURRENT_HOVERS_YAML	Same stats as Vesta's armor.	EXACT_TEXT_RELATION; TARGET_ID_MATCH_CONSERVATIVE
22055	Lunar robe top	SAME_STATS	Zuriel's robes	zuriel robes		CURRENT_HOVERS_YAML	Same stats as Zuriel's robes.	EXACT_TEXT_RELATION; TARGET_ID_MATCH_CONSERVATIVE
22056	Lunar robe legs	SAME_STATS	Zuriel's robes	zuriel robes		CURRENT_HOVERS_YAML	Same stats as Zuriel's robes.	EXACT_TEXT_RELATION; TARGET_ID_MATCH_CONSERVATIVE
23253	Amulet of eternal glory	SAME_STATS	fury (or)	fury	6585|6586|19335|22932	CURRENT_HOVERS_YAML	Same stats as the fury (or). Rubbing this amulet will allow you to teleport home at level 30 wild.	EXACT_TEXT_RELATION; TARGET_ID_MATCH_CONSERVATIVE
23663	Tribute wizard top	SAME_STATS	Infinity robes Can be salvaged for 25 blood shards at the blood fountain	infinity robes can be salvaged for 25 blood shards at the blood fountain		CURRENT_HOVERS_YAML	Same stats as Infinity robes Can be salvaged for 25 blood shards at the blood fountain. Untradeable	EXACT_TEXT_RELATION; TARGET_ID_MATCH_CONSERVATIVE
23664	Tribute wizard skirt	SAME_STATS	Infinity robes Can be salvaged for 25 blood shards at the blood fountain	infinity robes can be salvaged for 25 blood shards at the blood fountain		CURRENT_HOVERS_YAML	Same stats as Infinity robes Can be salvaged for 25 blood shards at the blood fountain. Untradeable	EXACT_TEXT_RELATION; TARGET_ID_MATCH_CONSERVATIVE
23665	Tribute wizard hat	SAME_STATS	Infinity robes Can be salvaged for 25 blood shards at the blood fountain	infinity robes can be salvaged for 25 blood shards at the blood fountain		CURRENT_HOVERS_YAML	Same stats as Infinity robes Can be salvaged for 25 blood shards at the blood fountain. Untradeable	EXACT_TEXT_RELATION; TARGET_ID_MATCH_CONSERVATIVE
28172	Carrot costume tights	SAME_STATS	Vesta plateskirt	vesta plateskirt	13893|17001|21926|22048|23087	CURRENT_I_BIN	Same stats as Vesta plateskirt	EXACT_TEXT_RELATION; TARGET_ID_MATCH_CONSERVATIVE
28173	Carrot costume body	SAME_STATS	Vesta chainbody	vesta chainbody	13887|17000|21925|22047|23086	CURRENT_I_BIN	Same stats as Vesta chainbody	EXACT_TEXT_RELATION; TARGET_ID_MATCH_CONSERVATIVE
28174	Carrot costume hat	SAME_STATS	Neitiznot helm	neitiznot helm	23672	CURRENT_I_BIN	Same stats as Neitiznot helm	EXACT_TEXT_RELATION; TARGET_ID_MATCH_CONSERVATIVE
28175	Carrot costume gloves	SAME_STATS	Barrows gloves	barrows gloves	7462	CURRENT_I_BIN	Same stats as Barrows gloves	EXACT_TEXT_RELATION; TARGET_ID_MATCH_CONSERVATIVE
28176	Carrot sword	SAME_STATS	Vesta longsword	vesta longsword	13899|17002|23088	CURRENT_I_BIN	Same stats & spec as Vesta longsword	EXACT_TEXT_RELATION; TARGET_ID_MATCH_CONSERVATIVE
28563	Hand fan	SAME_STATS	an Abyssal tentacle	an abyssal tentacle		CURRENT_I_BIN	Cosmetic weapon with the same stats as an Abyssal tentacle	EXACT_TEXT_RELATION; TARGET_ID_MATCH_CONSERVATIVE
28597	Dark cursed halo	SAME_STATS	Glorious crown	glorious crown	25971	CURRENT_I_BIN	- Same stats and hotspot effect as the Glorious crown - Fused slayer helmet effect while risking a Cursed orb - +1 max hit cap while risking a Cursed orb - Autokeep and tradeable	EXACT_TEXT_RELATION; TARGET_ID_MATCH_CONSERVATIVE
