ordinal,spell,widget_id,minimum_magic_level,category
0,AIR_STRIKE,1152,1,COMBAT
1,CONFUSE,1153,3,COMBAT
2,WATER_STRIKE,1154,5,COMBAT
3,EARTH_STRIKE,1156,9,COMBAT
4,WEAKEN,1157,11,COMBAT
5,FIRE_STRIKE,1158,13,COMBAT
6,WIND_BOLT,1160,17,COMBAT
7,CURSE,1161,19,COMBAT
8,WATER_BOLT,1163,23,COMBAT
9,EARTH_BOLT,1166,29,COMBAT
10,FIRE_BOLT,1169,35,COMBAT
11,CRUMBLE_UNDEAD,1171,39,COMBAT
12,WIND_BLAST,1172,41,COMBAT
13,WATER_BLAST,1175,47,COMBAT
14,EARTH_BLAST,1177,53,COMBAT
15,FIRE_BLAST,1181,59,COMBAT
16,AIR_WAVE,1183,62,COMBAT
17,WATER_WAVE,1185,65,COMBAT
18,EARTH_WAVE,1188,70,COMBAT
19,FIRE_WAVE,1189,75,COMBAT
20,SARA_STRIKE,1190,60,COMBAT
21,GUTHIX_CLAWS,1191,60,COMBAT
22,ZAMMY_FLAMES,1192,60,COMBAT
23,CHARGE,1193,80,COMBAT
24,STUN,1562,80,COMBAT
25,BIND,1572,20,COMBAT
26,SNARE,1582,50,COMBAT
27,ENTANGLE,1592,79,COMBAT
28,TELEBLOCK,12445,85,COMBAT
29,AIR_SURGE,19100,82,COMBAT
30,WATER_SURGE,19110,86,COMBAT
31,EARTH_SURGE,19150,91,COMBAT
32,FIRE_SURGE,19130,96,COMBAT
33,HOME_TELEPORT,1195,100,TELEPORT
34,MONEY_TELEPORT,1164,100,TELEPORT
35,SKILL_TELEPORT,1167,100,TELEPORT
36,BOSS_TELEPORT,1170,100,TELEPORT
37,PK_TELEPORT,1174,100,TELEPORT
38,MINIGAME_TELEPORT,1540,100,TELEPORT
39,HOUSE_TELEPORT,1541,100,TELEPORT
40,BOUNTY_TELEPORT,7455,100,TELEPORT
