label,authority
"Cosmetic ""icons"" visibility",exact current client setting/control label; backing varp/server persistence requires separate mapping
Desktop notifications,exact current client setting/control label; backing varp/server persistence requires separate mapping
Extended zoom & distance,exact current client setting/control label; backing varp/server persistence requires separate mapping
Fog distance,exact current client setting/control label; backing varp/server persistence requires separate mapping
Hide other pets (non-wild),exact current client setting/control label; backing varp/server persistence requires separate mapping
Instant switching,exact current client setting/control label; backing varp/server persistence requires separate mapping
Left click attack target only,exact current client setting/control label; backing varp/server persistence requires separate mapping
Left click magic target only,exact current client setting/control label; backing varp/server persistence requires separate mapping
Left-click attack,exact current client setting/control label; backing varp/server persistence requires separate mapping
Lite mode,exact current client setting/control label; backing varp/server persistence requires separate mapping
Lock spawnable item dropping,exact current client setting/control label; backing varp/server persistence requires separate mapping
Multiplied 10x hits,exact current client setting/control label; backing varp/server persistence requires separate mapping
New HP bar,exact current client setting/control label; backing varp/server persistence requires separate mapping
New hit marks,exact current client setting/control label; backing varp/server persistence requires separate mapping
New hitpoints bar,exact current client setting/control label; backing varp/server persistence requires separate mapping
Oldschool 07 graphics,exact current client setting/control label; backing varp/server persistence requires separate mapping
Oldschool 07 ticks,exact current client setting/control label; backing varp/server persistence requires separate mapping
Particle/glow effects,exact current client setting/control label; backing varp/server persistence requires separate mapping
Player lighting,exact current client setting/control label; backing varp/server persistence requires separate mapping
Prayer adjustments,exact current client setting/control label; backing varp/server persistence requires separate mapping
Resizable mode,exact current client setting/control label; backing varp/server persistence requires separate mapping
Shift dropping,exact current client setting/control label; backing varp/server persistence requires separate mapping
Show combat overlay,exact current client setting/control label; backing varp/server persistence requires separate mapping
Show news broadcasts,exact current client setting/control label; backing varp/server persistence requires separate mapping
Split private chat,exact current client setting/control label; backing varp/server persistence requires separate mapping
Swap rigour/augury,exact current client setting/control label; backing varp/server persistence requires separate mapping
"Toggle pets for ""bank all""",exact current client setting/control label; backing varp/server persistence requires separate mapping
Toggle roofs,exact current client setting/control label; backing varp/server persistence requires separate mapping
Toggle-run,exact current client setting/control label; backing varp/server persistence requires separate mapping
