class_origin,command_literal
rs/Client.class,:::adventurebook
rs/Client.class,:::bankall
rs/Client.class,:::banksearch
rs/Client.class,:::bhtask
rs/Client.class,:::bhtaskinfo
rs/Client.class,:::bhtaskskip
rs/Client.class,:::boost
rs/Client.class,:::bots
rs/Client.class,:::chatinterface
rs/Client.class,:::claim
rs/Client.class,:::clan
rs/Client.class,:::clear
rs/Client.class,:::clicktele
rs/Client.class,:::clienthide
rs/Client.class,:::clientshow
rs/Client.class,:::colors
rs/Client.class,:::console
rs/Client.class,:::coordsoff
rs/Client.class,:::coordson
rs/Client.class,:::damage_test
rs/Client.class,:::dataoff
rs/Client.class,:::dataon
rs/Client.class,:::description
rs/Client.class,:::dialogueoption
rs/Client.class,:::displayicon
rs/Client.class,:::donate
rs/Client.class,:::dropitemse
rs/Client.class,:::dropnpcid
rs/Client.class,:::dropnpcse
rs/Client.class,:::dumpitems
rs/Client.class,:::epicbosses
rs/Client.class,:::equip_loadout
rs/Client.class,:::equipstr
rs/Client.class,:::extended
rs/Client.class,:::filter
rs/Client.class,:::filters
rs/Client.class,:::find
rs/Client.class,:::fixed
rs/Client.class,:::fps
rs/Client.class,:::gamble
rs/Client.class,:::gpuflagon
rs/Client.class,:::gsdecor
rs/Client.class,:::hidebh
rs/Client.class,:::home
rs/Client.class,:::iexam
rs/Client.class,:::igsearch
rs/Client.class,:::infspec
rs/Client.class,:::instantswitching
rs/Client.class,:::item_loadout
rs/Client.class,:::items
rs/Client.class,:::lag
rs/Client.class,:::m1colors
rs/Client.class,:::m1models
rs/Client.class,:::m2colors
rs/Client.class,:::map
rs/Client.class,:::mb
rs/Client.class,:::newticks
rs/Client.class,:::noclip
rs/Client.class,:::nodes
rs/Client.class,:::nurse
rs/Client.class,:::oldticks
rs/Client.class,:::oldtickslogin
rs/Client.class,:::phrelease
rs/Client.class,:::ping
rs/Client.class,:::queuedclicks
rs/Client.class,:::queuedswitching
rs/Client.class,:::refill
rs/Client.class,:::render
rs/Client.class,:::resetoverlays
rs/Client.class,:::resizable
rs/Client.class,:::selectdump
rs/Client.class,:::setbanktab
rs/Client.class,:::setdrag
rs/Client.class,:::setinterface
rs/Client.class,:::setitem
rs/Client.class,:::setswitch
rs/Client.class,:::showbh
rs/Client.class,:::skipbh
rs/Client.class,:::spawn_loadout
rs/Client.class,:::stretchflagon
rs/Client.class,:::swapbanktab
rs/Client.class,:::tabitem
rs/Client.class,:::tank
rs/Client.class,:::teletoggle
rs/Client.class,:::testregion
rs/Client.class,:::title
rs/Client.class,:::tpshist
rs/Client.class,:::tpsitem
rs/Client.class,:::tpsuser
rs/Client.class,:::walktest
rs/Client.class,:::wikiarticle
rs/Client.class,:::yelltag
rs/L.class,:::soundoff
rs/L.class,:::soundon
rs/e/i.class,:::Lrs
rs/gui/a/a.class,:::stretchflagoff
rs/gui/a/a.class,:::stretchflagon
rs/gui/b/a/C.class,:::cursespray
rs/gui/b/a/C.class,:::equip_loadout
rs/gui/b/a/C.class,:::item_loadout
rs/gui/b/a/C.class,:::normalpray
rs/gui/b/a/C.class,:::pet_loadout
rs/gui/b/a/C.class,:::skills_loadout
rs/gui/b/a/c.class,:::cldt
rs/gui/c/a.class,:::pvptracker
rs/gui/e.class,:::barrage
rs/gui/e.class,:::brew
rs/gui/e.class,:::entangle
rs/gui/e.class,:::food
rs/gui/e.class,:::mage
rs/gui/e.class,:::pots
rs/gui/e.class,:::range
rs/gui/e.class,:::rest
rs/gui/e.class,:::switch
rs/gui/e.class,:::tb
rs/gui/e.class,:::veng
rs/gui/g.class,:::entangle
rs/gui/h.class,:::pots
rs/gui/i.class,:::brew
rs/gui/j.class,:::rest
rs/gui/k.class,:::range
rs/gui/l.class,:::mage
rs/gui/p.class,:::switch
rs/gui/q.class,:::food
rs/gui/r.class,:::veng
rs/gui/s.class,:::barrage
rs/gui/t.class,:::tb
rs/h/d.class,:::bank
rs/h/d.class,:::clogs
rs/h/d.class,:::e
rs/h/d.class,:::home
rs/h/d.class,:::loot
rs/h/d.class,:::opentp
rs/h/d.class,:::tm
rs/k/b.class,:::gpuflagoff
rs/k/b.class,:::gpuflagon
rs/l/c/f.class,:::selectperk
rs/l/e/a/r.class,:::mail
rs/l/e/a/t.class,:::claimcoffer
rs/l/f/a/c/c.class,:::bhtask
rs/l/f/a/c/c.class,:::bhtaskinfo
rs/l/f/a/c/c.class,:::bhtaskskip
rs/l/f/a/c/c.class,:::skipbh
rs/n/a.class,:::summer
rs/n/c/aD.class,:::selectperk
rs/n/c/al.class,:::cld1
rs/n/c/al.class,:::cld2
rs/n/c/b.class,:::claimchallenge
rs/n/c/b.class,:::infochallenge
rs/n/c/c.class,:::redeem
rs/n/c/c.class,:::vote
rs/n/c/w.class,:::compcolors
rs/q/a/a/a/l.class,:::claimcoffer
rs/q/a/a/a/l.class,:::mail
rs/runelite/a/l.class,:::Ljava
rs/s/b/t.class,:::Lrs
rs/s/c/d.class,:::itemdef
rs/s/c/d.class,:::repack
rs/s/c/d.class,:::resetitems
rs/s/c/d.class,:::resetnpcdefs
