model_id	object_id	name	placement_model_refs	region_count	regions
29990	29719	Ballista	1	1	12610
31354	28798	Wall	12	3	12885;12886;13142
31541	28820	Ruptured cavern	14	1	12886
31542	28821	Ruptured cavern	6	1	12886
32373	29720	Staircase	1	1	12610
32865	29681	Carved redwood	19	1	12610
32866	29694		10	1	12610
32881	29669	Redwood	1	1	12610
32884	29700		5	1	12610
35868	33278		5	2	12885;12886
35868	33279		4	2	12885;12886
35869	33293		1	1	12885
35872	33276		35	2	12885;12886
35885	33282		2	2	12885;12886
35885	33283		3	2	12885;12886
35886	33277		5	2	12885;12886
35889	33286		2	1	12886
35894	33294		16	2	12885;12886
35895	33280		1	1	12886
35895	33281		6	2	12885;12886
39514	29708	Scoreboard	1	1	12610
50012	26345	Boards	1	1	11602
50013	26311	Arrow	3	1	11346
50018	26380	Pillar	1	1	11602
50019	26381		1	1	11602
50024	26309	Chain	2	1	11346
50025	26307	Broken catapult	3	1	11346
50041	26458	Gold Sink	1	1	11601
50054	26457	<col=ff9040>Bird snare	5	1	11601
50072	26486		1	1	11601
50079	26481		1	1	11601
50081	26485		2	1	11601
50098	26351	Frozen warrior	100	1	11602
50100	26351	Frozen warrior	100	1	11602
50110	26352	Frozen warrior	226	1	11602
50112	26354	Frozen warrior	68	1	11602
50121	26414		3	1	11346
50125	26422	Rope	2	1	11602
50130	26444		1	1	11602
50135	26445		1	1	11602
50137	26456		19	1	11601
50139	26455		46	1	11601
50147	26308	Crossbow	3	1	11346
50149	26310	Battering ram	2	1	11346
