rig_family_id	skeleton_signature	legacy_signature	bone_count	bind_sets	parent_roots	max_depth	unique_keyframe_archives	configured_animation_count	keyframe_archives	animation_ids
MAYA_RIG_001	9fe9a5d5aa13fee1a5892bcb476061cf1d79e33ae70fa9389c6bbe14d4862098	9d9f9c1082875769040e628ff241015fa9c09c1e0e8c732d5c8d4360d599afc8	73	1	1	17	23	23	1;2;3;4;5;7;8;9;10;11;15;17;18;19;23;24;27;28;29;31;33;34;37	16146;16147;16149;16159;16161;16162;16163;16164;16170;16171;16172;16173;16175;16176;16177;16178;16179;16180;16181;16182;16183;16184;16185
MAYA_RIG_002	4a95fea53ef3aac807c70cd8df6f75b2aadc6031ada8302d1dcd739f9bbf55f1	c3563e1651aebd07316faafb6aef66422297dcd494a9d7c4b49391f58a8618eb	116	1	1	12	7	7	56;57;58;62;63;65;67	16096;16097;16098;16106;16107;16108;16121
MAYA_RIG_003	913424d0298adcaa6ea972dc94745de474570a912ecc6e5fbd29142eb795f2f1	c70478e9d8c5da9b9583deb844ccabc502c47d7e11b2004fb3ab1e97119c1a3b	31	1	1	2	1	1	69	16122
MAYA_RIG_004	ff12d6ef06169251c869652a461492a84eb0e213b4c8ae217d3120e1878736f1	522d27df327cd1a4faaf532336ee1582b6fce6659ca4f6facf7e9662d218972a	214	1	1	19	2	2	88;93	15553;15554
MAYA_RIG_005	3ec5c87ca335a2b50080e77c18265ea12f0b06ab189bc6e37c13f1678f3ff8ef	a91c080b5df17e4a6db64fb8a6e56659d13fed5d6dd4148906d36688c87f169d	129	1	1	25	17	17	102;103;104;105;106;107;108;109;110;111;112;113;114;115;116;117;118	16123;16124;16125;16127;16128;16129;16130;16131;16132;16133;16134;16135;16136;16137;16138;16139;16140
MAYA_RIG_006	05a1a0cff68caa347b7587cb3c3b9401ca368f9c9f3c92dbace56a842470492e	c36af5b06e2a93167d79c86a766deef7a62d82b153cc1d0bd206676985d16a82	51	1	1	2	1	1	119	16143
MAYA_RIG_007	00cec402bc39a34f004fcaffbf1a99ac6897922595139523b73a9ca529d2df58	9d9f9c1082875769040e628ff241015fa9c09c1e0e8c732d5c8d4360d599afc8	73	1	1	17	11	13	249;252;255;260;262;265;266;267;270;276;278	16057;16058;16059;16061;16062;16063;16064;16065;16066;16067;16068;16200;16201
MAYA_RIG_008	9d6b7f472d09ed3d10f172660e79ae45f62de2c5aff1a21dd36b53dda0e99e1d	c36af5b06e2a93167d79c86a766deef7a62d82b153cc1d0bd206676985d16a82	99	1	1	23	4	4	342;343;347;349	15683;15684;15689;15690
MAYA_RIG_009	4da31ffb9ee932346b96203649c57332f46f9f08938785caa0d882142efcc536	b6cd8e6e2590b53db337439bd064803cdd598f148a5b993a8949c45dc992197a	12	1	1	3	1	1	429	16091
MAYA_RIG_010	937148ee7c7de4c2307a58cb7c1b587ff28dc919e3fd2925abe0c2ba0983c68d	df3f619804a92fdb4057192dc43dd748ea778adc52bc498ce80524c014b81119	3	1	1	3	1	1	430	16088
MAYA_RIG_011	7d3626f292338b074927d5221f33e95c428e87e39c257026bd5ac9fad23182ad	c70478e9d8c5da9b9583deb844ccabc502c47d7e11b2004fb3ab1e97119c1a3b	13	1	1	2	1	1	432	16086
MAYA_RIG_012	54ac852b07b917b7c0fde5447901636cd70049faffa38e9aecbb545004004dc2	df3f619804a92fdb4057192dc43dd748ea778adc52bc498ce80524c014b81119	3	1	1	3	1	1	434	16085
MAYA_RIG_013	071b1197b85d6029e08a7d3cd5265f6dcef4c020791acc69a798f59cf78340d0	6ef0c741c3eb7e7880fbc9c903189c1a72d27a367f20ed449b3c6e3dab3af06e	7	1	1	2	1	1	436	16089
MAYA_RIG_014	219c0cee8335cd0831688ecc71598add41a2ef99cd185f0fbe3be2a6e4d141ae	df3f619804a92fdb4057192dc43dd748ea778adc52bc498ce80524c014b81119	3	1	1	3	1	1	437	16090
MAYA_RIG_015	f722cb0ff326f07338a4975a4ce6db4ef66a33d23e820bbdcca4b9d74085ade8	df3f619804a92fdb4057192dc43dd748ea778adc52bc498ce80524c014b81119	47	1	1	20	6	6	438;440;441;443;444;447	16078;16080;16081;16082;16083;16084
MAYA_RIG_016	73686c6c85237afade5faee8461f7b7025f3c0706071831bd2da26d354092a9c	d027352013d03674b4cb151cd895f6cf7efc520c18c38e00f50b4897b9594019	225	1	1	13	8	8	458;460;464;465;467;468;469;470	16095;16099;16100;16101;16102;16103;16104;16105
MAYA_RIG_017	7c6ac9cf34957c6560069c592f7d4890ccb9115f6511e4a7dc9e058dca43de07	df3f619804a92fdb4057192dc43dd748ea778adc52bc498ce80524c014b81119	4	1	1	2	1	1	486	16165
MAYA_RIG_018	f501df5f436f3c04a8d37264a95d47d1255c014a3dde974bbde3cf33d716a635	c36af5b06e2a93167d79c86a766deef7a62d82b153cc1d0bd206676985d16a82	14	1	1	4	1	1	487	16158
MAYA_RIG_019	6167010a095e365d2decbde654a53c9619100a487be1bee4d880b03f90e31c09	df3f619804a92fdb4057192dc43dd748ea778adc52bc498ce80524c014b81119	3	1	1	2	1	1	488	16150
MAYA_RIG_020	4dcce313fd3b20f9779c8098d2b48589d623b4fb82510b614d0ae6aeeabf0b49	df3f619804a92fdb4057192dc43dd748ea778adc52bc498ce80524c014b81119	2	1	1	2	1	1	489	16160
MAYA_RIG_021	f33935125101240952bbeb5cf099aa8792e228e73025cd1d4ab649f72903a356	c70478e9d8c5da9b9583deb844ccabc502c47d7e11b2004fb3ab1e97119c1a3b	3	1	1	2	4	4	490;491;492;493	16186;16187;16188;16189
MAYA_RIG_022	fd23a714f3b9ff37f88c824e069fe4e48c0165d0891c3ba0ba84a4c877ee2eea	df3f619804a92fdb4057192dc43dd748ea778adc52bc498ce80524c014b81119	15	1	1	2	1	1	494	16190
MAYA_RIG_023	02f2740805aad95329e448dda05a77788e02fdb318a499205407ab4eec564a7f	df3f619804a92fdb4057192dc43dd748ea778adc52bc498ce80524c014b81119	2	1	1	2	1	1	495	16168
MAYA_RIG_024	ac0a1f21ef81b2924879579b809ebdfcfa222050decb69cdc3c1f47928ea5fe3	522d27df327cd1a4faaf532336ee1582b6fce6659ca4f6facf7e9662d218972a	156	1	1	2	4	4	499;500;501;502	16117;16118;16119;16120
MAYA_RIG_025	0030c009de04665b88e66e0da7d5f0888f3c4c0b411dd3f7ea9637218f42b9a4	df3f619804a92fdb4057192dc43dd748ea778adc52bc498ce80524c014b81119	8	1	1	2	1	1	504	16157
MAYA_RIG_026	f607d54252eb3f6edb55e5f558d07ee899a6015ea2572b859aa3422c2f44323a	c3563e1651aebd07316faafb6aef66422297dcd494a9d7c4b49391f58a8618eb	38	1	1	4	1	1	522	15658
MAYA_RIG_027	dd6124935d7828de0102960d2c478dacac26ec6052989d3b7e35a36c0d924147	0a51d0dc97c19b09a506f243a936a396d2bdd8cdafab750ef2e07978aa556bf5	16	1	1	4	1	1	525	15659
MAYA_RIG_028	bf93cfc52c61097b394e5ef83b5457a85d725747683be8b62d9708eaed88d06a	9b9d61c8dde4f82e6e2282a4a375a007697b317227a27f232edf58b082c6d23a	104	1	1	15	2	2	543;545	15662;15663
