item_id	item_name	wield	wear	source	field	categories	core_terms	numeric_mentions	text
11284	Dragonfire shield	True	False	CURRENT_I_BIN	hover	CONDITIONAL_OR_CONTEXTUAL			Operate while equipped to deal typeless damage to your opponent!
21073	Balmung	True	False	CURRENT_I_BIN	hover	CORE_COMBAT_BONUS_MENTION|ATTACK_SPEED_OR_TICK_TIMING|SPECIAL_ATTACK|CONDITIONAL_OR_CONTEXTUAL	attack_bonus	1|10	Special attack enrages the axe to ignores enemy damage soak and attack 1 tick faster for 10 seconds. Deals slightly less damage while enraged, however.
21848	Inquisitor mace	True	False	CURRENT_I_BIN	hover	CORE_COMBAT_BONUS_MENTION|SPECIAL_ATTACK|CONDITIONAL_OR_CONTEXTUAL	attack_bonus|strength_bonus	50%	Special attack costs 50% special energy and causes a bleed effect on your opponent. Bleed strength scales up based on the amount of Inquisitor armor pieces equipped.
22134	Inquisitor maul	True	False	CURRENT_I_BIN	hover	CORE_COMBAT_BONUS_MENTION|SPECIAL_ATTACK|CONDITIONAL_OR_CONTEXTUAL	attack_bonus	65%	Special attack costs 65% special energy and causes a bleed effect on your opponent.
22135	Dark toxic blowpipe	True	False	CURRENT_I_BIN	hover	CORE_COMBAT_BONUS_MENTION|ATTACK_SPEED_OR_TICK_TIMING|SPECIAL_ATTACK|CONDITIONAL_OR_CONTEXTUAL	attack_bonus|strength_bonus|range_strength	+40|+1	- Special blowpipe with stronger range attack & ranged strength. - Grants +40 range strength in PvM. - Grants +1 attack speed in wildy PvM
23058	Malevolent maul	True	False	CURRENT_I_BIN	hover	CORE_COMBAT_BONUS_MENTION|SPECIAL_ATTACK|CONDITIONAL_OR_CONTEXTUAL	attack_bonus|defence	40%	Powerful upgrade to the barrelchest maul Special attack drains enemy defence by 40%
23204	Reaper bludgeon	True	False	CURRENT_I_BIN	hover	CORE_COMBAT_BONUS_MENTION|SPECIAL_ATTACK|CONDITIONAL_OR_CONTEXTUAL	attack_bonus	40%|50%	Special attack costs 40% instead of 50% and deals increased damage based on hitpoints instead of prayer.
24111	Easter bounty cape	False	True	CURRENT_I_BIN	hover	CONDITIONAL_OR_CONTEXTUAL		+15%|+15%	Same effect as Bounty cape. Grants +15% drop rate & +15% PvM damage in wildy. Autokeep but still Tradeable
25908	Dragon warhammer (wavetide)	True	False	CURRENT_I_BIN	hover	CORE_COMBAT_BONUS_MENTION|SPECIAL_ATTACK|CONDITIONAL_OR_CONTEXTUAL	attack_bonus	50%|25%	Stronger variant of the dragon warhammer (or). Special attack cost reduced from 50% to 25% and has uncapped PvM damage.
27034	Ultimate slayer helmet	False	True	CURRENT_I_BIN	hover	CONDITIONAL_OR_CONTEXTUAL		+35%|+65%|+15%	Earn +35% more blood money from tasks. - Deal +65% damage in PvM combat. - Receive +15% drop rate bonus - Counts as a crestbearer helmet / hat / coif as long as you own one on your account (must be in your bank) Autokeep & untradeable
27035	Ultimate slayer helmet (or)	False	True	CURRENT_I_BIN	hover	CONDITIONAL_OR_CONTEXTUAL		+35%|+65%|+15%	Earn +35% more blood money from tasks. - Deal +65% damage in PvM combat. - Receive +15% drop rate bonus - Counts as a crestbearer helmet / hat / coif as long as you own one on your account (must be in your bank) Autokeep & untradeable
27485	Scythe of shadowrend	True	False	CURRENT_I_BIN	hover	CORE_COMBAT_BONUS_MENTION|ATTACK_SPEED_OR_TICK_TIMING|CONDITIONAL_OR_CONTEXTUAL	strength_bonus	90|4|1|3|2.5x|1-25	90 str bonus but faster. (4 ticks) 1/3 chance in PvM to deal 2.5x damage and decrease enemy def lvl by 1-25.
27549	Midnight spring lantern (t2)	False	True	CURRENT_I_BIN	hover	CONDITIONAL_OR_CONTEXTUAL		+10%|+5%	Boosts token drops from roaming mob kills by +10% when equipped and increases damage dealt by +5%
27550	Midnight spring lantern (t3)	False	True	CURRENT_I_BIN	hover	CONDITIONAL_OR_CONTEXTUAL		+15%|+10%	Boosts token drops from roaming mob kills by +15% when equipped and increases damage dealt by +10%
27552	Spring tiger hat	False	True	CURRENT_I_BIN	hover	CONDITIONAL_OR_CONTEXTUAL|SET_EFFECT		+2.5%|+2.5%|+27.5%	Grants +2.5% drop rate and +2.5% PvM damage per piece equipped in the Wilderness Set effect: Grants additional +27.5% PvM damage when the full set is equipped in the Wilderness
27553	Spring tiger top	False	True	CURRENT_I_BIN	hover	CONDITIONAL_OR_CONTEXTUAL|SET_EFFECT		+2.5%|+2.5%|+27.5%	Grants +2.5% drop rate and +2.5% PvM damage per piece equipped in the Wilderness Set effect: Grants additional +27.5% PvM damage when the full set is equipped in the Wilderness
27554	Spring tiger legs	False	True	CURRENT_I_BIN	hover	CONDITIONAL_OR_CONTEXTUAL|SET_EFFECT		+2.5%|+2.5%|+27.5%	Grants +2.5% drop rate and +2.5% PvM damage per piece equipped in the Wilderness Set effect: Grants additional +27.5% PvM damage when the full set is equipped in the Wilderness
27686	Blunderbuss cannon (t1)	True	False	CURRENT_I_BIN	hover	BASE_DAMAGE_RANGE|CONDITIONAL_OR_CONTEXTUAL		5-15	Deals 5-15 base damage against event mobs
27687	Blunderbuss cannon (t2)	True	False	CURRENT_I_BIN	hover	BASE_DAMAGE_RANGE|CONDITIONAL_OR_CONTEXTUAL		10-20	Deals 10-20 base damage against event mobs
27688	Blunderbuss cannon (t3)	True	False	CURRENT_I_BIN	hover	BASE_DAMAGE_RANGE|CONDITIONAL_OR_CONTEXTUAL		15-25	Deals 15-25 base damage against event mobs
27689	Blunderbuss cannon (t4)	True	False	CURRENT_I_BIN	hover	BASE_DAMAGE_RANGE|CONDITIONAL_OR_CONTEXTUAL		20-35	Deals 20-35 base damage against event mobs
27918	Wavetide kodai wand	True	False	CURRENT_I_BIN	hover	ATTACK_SPEED_OR_TICK_TIMING|CONDITIONAL_OR_CONTEXTUAL		3	Spells in PvM cast at 3-tick speed
27928	Noxious halberd	True	False	CURRENT_I_BIN	hover	CORE_COMBAT_BONUS_MENTION|SPECIAL_ATTACK|ACCURACY_MODIFIER|CONDITIONAL_OR_CONTEXTUAL	attack_bonus	20|+25%|10%|3X|50%|2X|3X	- Inflicts venom starting at 20 damage in PvM - Deals +25% damage against arachnids - 10% chance to hit 3X, otherwise 50% chance to hit 2X (Chance improves w/ Aranea or Araxyte boots) (PvM only) - Attacks from two tiles away and diagonally - Special attack grants 3X accuracy and four PvM hits
27932	Aranea boots	False	True	CURRENT_I_BIN	hover	CONDITIONAL_OR_CONTEXTUAL		+25%|2X|25%|3X|10%	- Immune to spider boss web effects - Deals +25% damage against arachnids - Noxious halberd attacks always hit 2X in PvM, and have a 25% chance to 3X hit in PvM (rather than 10%)
27934	Radiant oathplate legs	False	True	CURRENT_I_BIN	hover	MAX_HIT_CAP|CONDITIONAL_OR_CONTEXTUAL|SET_EFFECT		+4	Melee max hit caps raised by +4 with full set
27935	Radiant oathplate chest	False	True	CURRENT_I_BIN	hover	MAX_HIT_CAP|CONDITIONAL_OR_CONTEXTUAL|SET_EFFECT		+4	Melee max hit caps raised by +4 with full set
27936	Radiant oathplate helm	False	True	CURRENT_I_BIN	hover	MAX_HIT_CAP|CONDITIONAL_OR_CONTEXTUAL|SET_EFFECT		+4	Melee max hit caps raised by +4 with full set
27970	Araxyte slayer helmet	False	True	CURRENT_I_BIN	hover	CONDITIONAL_OR_CONTEXTUAL		+75%|10	- Grants the Fused slayer helmet PvM boost - Deals +75% damage against arachnids - Caps Explosive Araxyte damage at 10 per explosion
27971	Amulet of rancour (dark)	False	True	CURRENT_I_BIN	hover	MAX_HIT_CAP|CONDITIONAL_OR_CONTEXTUAL		+1|+25%	- Increases melee max hit cap by +1 - Increases Noxious weapon damage by +25% (PvM) - Remove the dye to recover the amulet and dye
27972	Amulet of rancour	False	True	CURRENT_I_BIN	hover	MAX_HIT_CAP|CONDITIONAL_OR_CONTEXTUAL		+1|+25%	- Increases the melee max hit cap by +1 - Increases Noxious weapon damage by +25% (PvM)
28013	Dragon longsword (cr)	True	False	CURRENT_I_BIN	hover	MAX_HIT_CAP|SPECIAL_ATTACK|CONDITIONAL_OR_CONTEXTUAL		+5	+5 spec max hit cap Always lost on death
28016	Dragon mace (cr)	True	False	CURRENT_I_BIN	hover	MAX_HIT_CAP|SPECIAL_ATTACK|CONDITIONAL_OR_CONTEXTUAL		+3	+3 spec max hit cap Always lost on death
28048	Gladiator khopesh	True	False	CURRENT_I_BIN	hover	CORE_COMBAT_BONUS_MENTION|SPECIAL_ATTACK|CONDITIONAL_OR_CONTEXTUAL	attack_bonus|magic_damage	50%|3x|3	- Special attack deals two hits, then an additional lightning strike with magic damage - PvM hits have a 50% chance to strike lightning to other monsters in a 3x3 area.
28149	Dragon defender (cr)	True	False	CURRENT_I_BIN	hover	MAX_HIT_CAP		+1	- Obtained from seasonal Deathfrost shop - Gives +1 Dragon wep max hit cap Always lost on death
28150	Festive korasi's sword	True	False	CURRENT_I_BIN	hover	CORE_COMBAT_BONUS_MENTION|SPECIAL_ATTACK|CONDITIONAL_OR_CONTEXTUAL	attack_bonus	50%|1-5	- Special attack hits twice in PvM - Spec has 50% chance to deal extra 1-5 damage
28154	Frosty zaryte bow	False	True	CURRENT_I_BIN	hover	CORE_COMBAT_BONUS_MENTION|ATTACK_SPEED_OR_TICK_TIMING|CONDITIONAL_OR_CONTEXTUAL	attack_bonus	+25%	- One tick faster attack speed in PvP compared to the standard bow. - Grants +25% PvM damage boost
28155	Gladiator chest	False	True	CURRENT_I_BIN	hover	MAX_HIT_CAP|CONDITIONAL_OR_CONTEXTUAL|SET_EFFECT		+2|+2	Melee max hit cap raised by +2 with full set Includes an additional +2 boost whenever a Gladiator weapon is equipped with the full set.
28156	Gladiator breeches	False	True	CURRENT_I_BIN	hover	MAX_HIT_CAP|CONDITIONAL_OR_CONTEXTUAL|SET_EFFECT		+2|+2	Melee max hit cap raised by +2 with full set Includes an additional +2 boost whenever a Gladiator weapon is equipped with the full set.
28157	Gladiator helm	False	True	CURRENT_I_BIN	hover	MAX_HIT_CAP|CONDITIONAL_OR_CONTEXTUAL|SET_EFFECT		+2|+2	Melee max hit cap raised by +2 with full set Includes an additional +2 boost whenever a Gladiator weapon is equipped with the full set.
28176	Carrot sword	True	False	CURRENT_I_BIN	hover	SAME_STATS_OR_BONUSES_RELATION|SPECIAL_ATTACK|CONDITIONAL_OR_CONTEXTUAL			Same stats & spec as Vesta longsword
28194	Cursed eclipse atlatl	True	False	CURRENT_I_BIN	hover	CORE_COMBAT_BONUS_MENTION|SPECIAL_ATTACK|CONDITIONAL_OR_CONTEXTUAL	attack_bonus	10%	- Hits have a 10% chance to inflict a slow burn - Special attack will consume your target's burn or bleed into one hit with a guaranteed minimum damage (scaled by remaining burn/bleed) (Special attack requires full cursed eclipse set)
28195	Cursed eclipse chestplate	False	True	CURRENT_I_BIN	hover	CORE_COMBAT_BONUS_MENTION|SPECIAL_ATTACK|CONDITIONAL_OR_CONTEXTUAL	attack_bonus	10%|25%	When full eclipse set is equipped: - Unlocks cursed eclipse atlatl's special attack - Increases atlatl burn chance from 10% to 25% - Doubles atlatl burn damage
28196	Cursed eclipse tassets	False	True	CURRENT_I_BIN	hover	CORE_COMBAT_BONUS_MENTION|SPECIAL_ATTACK|CONDITIONAL_OR_CONTEXTUAL	attack_bonus	10%|25%	When full eclipse set is equipped: - Unlocks cursed eclipse atlatl's special attack - Increases atlatl burn chance from 10% to 25% - Doubles atlatl burn damage
28197	Cursed eclipse helm	False	True	CURRENT_I_BIN	hover	CORE_COMBAT_BONUS_MENTION|SPECIAL_ATTACK|CONDITIONAL_OR_CONTEXTUAL	attack_bonus	10%|25%	When full eclipse set is equipped: - Unlocks cursed eclipse atlatl's special attack - Increases atlatl burn chance from 10% to 25% - Doubles atlatl burn damage
28502	Masori mask	False	True	CURRENT_I_BIN	hover	CONDITIONAL_OR_CONTEXTUAL|SET_EFFECT		50%	Set effect: Increased chance of swift gloves double shot proc in PvM by 50%
28503	Masori body	False	True	CURRENT_I_BIN	hover	CONDITIONAL_OR_CONTEXTUAL|SET_EFFECT		50%	Set effect: Increased chance of swift gloves double shot proc in PvM by 50%
28504	Masori chaps	False	True	CURRENT_I_BIN	hover	CONDITIONAL_OR_CONTEXTUAL|SET_EFFECT		50%	Set effect: Increased chance of swift gloves double shot proc in PvM by 50%
28505	Crest masori mask	False	True	CURRENT_I_BIN	hover	CONDITIONAL_OR_CONTEXTUAL|SET_EFFECT		2.5%	Absorb 2.5% damage (per piece)
28506	Crest masori body	False	True	CURRENT_I_BIN	hover	CONDITIONAL_OR_CONTEXTUAL|SET_EFFECT		2.5%	Absorb 2.5% damage (per piece)
28507	Crest masori chaps	False	True	CURRENT_I_BIN	hover	CONDITIONAL_OR_CONTEXTUAL|SET_EFFECT		2.5%	Absorb 2.5% damage (per piece)
28511	Elidinis' ward (or)	True	False	CURRENT_I_BIN	hover	MAX_HIT_CAP		+1	Increases magic max hit cap by +1 Kit is autokept, standard ward drops on death
28516	Masori crossbow	True	False	CURRENT_I_BIN	hover	CORE_COMBAT_BONUS_MENTION|ATTACK_SPEED_OR_TICK_TIMING|SPECIAL_ATTACK|DEFENCE_BYPASS_OR_REDUCTION|CONDITIONAL_OR_CONTEXTUAL	attack_bonus|defence	+20%|+150%|5%|15%|+1	- Standard attacks deal +20% damage for each piece of masori armor equipped (PvM only) - Special attack deals +150% damage for each piece of masori armor equipped (PvM only) - With masori armor set equipped, has 5% chance to ignore 15% of your enemy's equipment defense - With masori armor set, PvM attack speed is +1
28523	Verzik's tome	True	False	CURRENT_I_BIN	hover	CONDITIONAL_OR_CONTEXTUAL		+25%|+35%	- Slightly improve stats from Siren tome - Grants +25% damage with sanguinesti staves (PvM only) - Grants +35% damage against arachnid enemies Pages are autokept, siren tome drops on death
28536	Osmumten's fang	True	False	CURRENT_I_BIN	hover	CONDITIONAL_OR_CONTEXTUAL		15%|85%|+50%	- Successful PvM hits guarantee between 15% to 85% of your true max damage - Deals an additional +50% damage in PvM
28539	Tumeken's shadow (i)	True	False	CURRENT_I_BIN	hover	CORE_COMBAT_BONUS_MENTION|ATTACK_SPEED_OR_TICK_TIMING|SPECIAL_ATTACK|DEFENCE_BYPASS_OR_REDUCTION|CONDITIONAL_OR_CONTEXTUAL	attack_bonus|defence	2X	- Increased attack speed in PvM combat - Deals 2X damage in PvM combat - Ignores damage soaking defenses - Special attack reduces enemy magic & defense Imbue stone is autokept, standard staff drops on death
28548	Osmumten's fang (or)	True	False	CURRENT_I_BIN	hover	CORE_COMBAT_BONUS_MENTION|ATTACK_SPEED_OR_TICK_TIMING|CONDITIONAL_OR_CONTEXTUAL	attack_bonus	35%|90%|+1|+2|+50%	- Successful PvM hits guarantee between 35% to 90% of your true max damage - Increased attack speed by +1 (+2 PvM) - Deals an additional +50% damage in PvM
28583	Araxyte boots	False	True	CURRENT_I_BIN	hover	CONDITIONAL_OR_CONTEXTUAL		+50%|2X|25%|3X|10%|+2	- Immune to spider boss web effects - Deals +50% damage against arachnids - Noxious halberd attacks always hit 2X in PvM, and have a 25% chance to 3X hit in PvM (rather than 10%) - Increases Noxious halberd PvP hit caps by +2
28584	Noxious halberd (i)	True	False	CURRENT_I_BIN	hover	CORE_COMBAT_BONUS_MENTION|SPECIAL_ATTACK|ACCURACY_MODIFIER|CONDITIONAL_OR_CONTEXTUAL	attack_bonus	20|+25%|10%|3X|75%|2X|3X	- Inflicts venom starting at 20 damage in PvM - Deals +25% damage against arachnids - 10% chance to hit 3X, otherwise 75% chance to hit 2X (Chance improves w/ Aranea or Araxyte boots) (PvM only) - Attacks from two tiles away and diagonally - Special attack grants 3X accuracy and four PvM hits
28585	Noxious shadowrend dagger	True	False	CURRENT_I_BIN	hover	CONDITIONAL_OR_CONTEXTUAL		20|+10%|+25%	- Inflicts venom starting at 20 damage in PvM - Deals +10% PvM damage & +25% arachnid damage
28586	Noxious twisted bow	True	False	CURRENT_I_BIN	hover	SPECIAL_ATTACK|CONDITIONAL_OR_CONTEXTUAL		25-50|+10%|+25%|50%|2X|25	- Always deals additional 25-50 venom damage per hit in PvM - Deals +10% PvM damage & +25% arachnid damage - Special (50%): Webweaver-style multi-hit - Four hits with 2X damage in PvM - Three hits capped at 25 each in PvP
28587	Noxious trident	True	False	CURRENT_I_BIN	hover	SPECIAL_ATTACK|CONDITIONAL_OR_CONTEXTUAL		20|+10%|+25%|50%|20-20|-20	- Inflicts venom starting at 20 damage in PvM - Deals +10% PvM damage & +25% arachnid damage - Special (50%): Rapid-fires three spell projectiles - PvP hits are capped at 20-20-20
28596	Cursed vigour ring	False	True	CURRENT_I_BIN	hover	CORE_COMBAT_BONUS_MENTION|SPECIAL_ATTACK|ACCURACY_MODIFIER|CONDITIONAL_OR_CONTEXTUAL	attack_bonus	+5%|10	- Ring of vigour stats and special attack effect - +5% damage and accuracy while risking a Cursed orb - Always lost on death and converts to 10B cash
28597	Dark cursed halo	False	True	CURRENT_I_BIN	hover	SAME_STATS_OR_BONUSES_RELATION|MAX_HIT_CAP|CONDITIONAL_OR_CONTEXTUAL		+1	- Same stats and hotspot effect as the Glorious crown - Fused slayer helmet effect while risking a Cursed orb - +1 max hit cap while risking a Cursed orb - Autokeep and tradeable
28605	Araxyte slayer helmet (dark)	False	True	CURRENT_I_BIN	hover	CONDITIONAL_OR_CONTEXTUAL		+75%|10	- Grants the Fused slayer helmet PvM boost - Deals +75% damage against arachnids - Caps Explosive Araxyte damage at 10 per explosion - Remove the dye to recover the helm and dye
28608	Amulet of rancour (range)	False	True	CURRENT_I_BIN	hover	MAX_HIT_CAP|CONDITIONAL_OR_CONTEXTUAL		+1|+25%	- Ranged variant of the amulet of rancour - Increases ranged max hit cap by +1 (PvP) - Increases Noxious weapon damage by +25% (PvM)
28609	Amulet of rancour (magic)	False	True	CURRENT_I_BIN	hover	MAX_HIT_CAP|CONDITIONAL_OR_CONTEXTUAL		+1|+25%	- Magic variant of the amulet of rancour - Increases magic max hit cap by +1 (PvP) - Increases Noxious weapon damage by +25% (PvM)
28694	Pirate's hook (t2)	False	True	CURRENT_I_BIN	hover	CONDITIONAL_OR_CONTEXTUAL		+10%|+5%	Boosts token drops from roaming mob kills by +10% when equipped and increases damage dealt by +5%
28695	Pirate's hook (t3)	False	True	CURRENT_I_BIN	hover	CONDITIONAL_OR_CONTEXTUAL		+15%|+10%	Boosts token drops from roaming mob kills by +15% when equipped and increases damage dealt by +10%
28698	Gilded claw hook	False	True	CURRENT_I_BIN	hover	CONDITIONAL_OR_CONTEXTUAL		+10%	Increases melee PvM damage by +10%
28701	Wanderer's boots (e)	False	True	CURRENT_I_BIN	hover	CONDITIONAL_OR_CONTEXTUAL		+15%|+15%	- Includes effect of devout boots. - Grants +15% drop rate bonus - Grants +15% PvM damage for each Wanderer's item worn (including icons, mini-pets, exotic box weapons, and even the boots themselves!) Autokeep and untradeable
28733	Gladiator maul	True	False	CURRENT_I_BIN	hover	CORE_COMBAT_BONUS_MENTION|MAX_HIT_CAP|SPECIAL_ATTACK|ACCURACY_MODIFIER|CONDITIONAL_OR_CONTEXTUAL	attack_bonus|defence	30|+1|35%	Swinging the maul will grant you 30 seconds of Gladiator's might, improving the maul's accuracy, damage, and max hit cap by +1. Special attack reduces enemy defence by 35%
28734	Gladiator axe	True	False	CURRENT_I_BIN	hover	CORE_COMBAT_BONUS_MENTION|ACCURACY_MODIFIER|CONDITIONAL_OR_CONTEXTUAL	attack_bonus|defence		Has a chance for accuracy re-roll, scaled up by your target's defense bonus against your attack style (slash/crush)
28758	Impling goggles	False	True	CURRENT_I_BIN	hover	CONDITIONAL_OR_CONTEXTUAL		+5%|+5%	- Always notes implings caught - Grants +5% chance to double implings - Grants +5% catch rate bonus (Cosmetic slot item)
28771	Witch cape	False	True	CURRENT_I_BIN	hover	CORE_COMBAT_BONUS_MENTION|CONDITIONAL_OR_CONTEXTUAL	magic_damage	+5%	Increases drop rate and wildy PvM magic damage by +5% per witch piece equipped
28781	Nutcracker staff (t1)	True	False	CURRENT_I_BIN	hover	CORE_COMBAT_BONUS_MENTION|ATTACK_SPEED_OR_TICK_TIMING|BASE_DAMAGE_RANGE|CONDITIONAL_OR_CONTEXTUAL	attack_bonus	5-20|3	- Base damage against event mobs: 5-20 - Attack speed: 3
28782	Nutcracker staff (t2)	True	False	CURRENT_I_BIN	hover	CORE_COMBAT_BONUS_MENTION|ATTACK_SPEED_OR_TICK_TIMING|BASE_DAMAGE_RANGE|CONDITIONAL_OR_CONTEXTUAL	attack_bonus	10-25|3	- Base damage against event mobs: 10-25 - Attack speed: 3
28783	Nutcracker staff (t3)	True	False	CURRENT_I_BIN	hover	CORE_COMBAT_BONUS_MENTION|ATTACK_SPEED_OR_TICK_TIMING|BASE_DAMAGE_RANGE|CONDITIONAL_OR_CONTEXTUAL	attack_bonus	15-30|2	- Base damage against event mobs: 15-30 - Attack speed: 2
28784	Nutcracker staff (t4)	True	False	CURRENT_I_BIN	hover	CORE_COMBAT_BONUS_MENTION|ATTACK_SPEED_OR_TICK_TIMING|BASE_DAMAGE_RANGE|CONDITIONAL_OR_CONTEXTUAL	attack_bonus	20-35|2	- Base damage against event mobs: 20-35 - Attack speed: 2
28805	Wonderous halo	False	True	CURRENT_I_BIN	hover	CONDITIONAL_OR_CONTEXTUAL		+7.5%|+10%	Use any helmet slot item on this halo to bind the stats of that item to the halo! Also has a drop rate bonus of +7.5% and boosts PvP treasure drop chance by +10% Autokeep but still Tradeable
28808	Burning claws	True	False	CURRENT_I_BIN	hover	SPECIAL_ATTACK|CONDITIONAL_OR_CONTEXTUAL		40%|3|2|10|2x	Spec costs 40% and hits 3 times. Also causes a burn on enemy dealing 2 damage per tick until 10 total damage dealt. Deals 2x damage in PvM.
28809	Emberlight	True	False	CURRENT_I_BIN	hover	CORE_COMBAT_BONUS_MENTION|SPECIAL_ATTACK|CONDITIONAL_OR_CONTEXTUAL	attack_bonus	2.5x|50%|3|15	- Deals 2.5x damage to demons. - Special attack costs 50% and causes a burn on enemy dealing 3 damage per tick until 15 total damage dealt.
28810	Scorching bow	True	False	CURRENT_I_BIN	hover	CORE_COMBAT_BONUS_MENTION|SPECIAL_ATTACK|CONDITIONAL_OR_CONTEXTUAL	attack_bonus	2.5x|50%|3|15	- Deals 2.5x damage to demons. - Special attack costs 50% and causes a burn on enemy dealing 3 damage per tick until 15 total damage dealt.
28811	Purging staff	True	False	CURRENT_I_BIN	hover	CORE_COMBAT_BONUS_MENTION	strength_bonus	2.5x	- Lesser strength infernal trident spell - Deals 2.5x damage to demons.
28831	Wonderous totem lantern	False	True	CURRENT_I_BIN	hover	CONDITIONAL_OR_CONTEXTUAL		+17.5%|+7.5%	- Provides +17.5% drop rate. - Deals +7.5% damage against monsters. Wonderous candle is autokept (but not lantern)
28837	Cursed morrigan's javelin	True	False	CURRENT_I_BIN	hover	ACCURACY_MODIFIER|CONDITIONAL_OR_CONTEXTUAL		+20%|+7.5%	Increases accuracy by +20% and damage by +7.5% when risking a Cursed blood orb
28841	Cursed balmung	True	False	CURRENT_I_BIN	hover	CORE_COMBAT_BONUS_MENTION|ATTACK_SPEED_OR_TICK_TIMING|SPECIAL_ATTACK|CONDITIONAL_OR_CONTEXTUAL	attack_bonus	1|10|50%	Special attack enrages the axe to ignores enemy damage soak and attack 1 tick faster for 10 seconds. Standard attacks have a 50% chance to bypass soak.
28857	Infernal claws	True	False	CURRENT_I_BIN	hover	CORE_COMBAT_BONUS_MENTION|ATTACK_SPEED_OR_TICK_TIMING	attack_bonus	+1	Stronger variant of Burning claws with +1 attack speed
28858	Emberlight (i)	True	False	CURRENT_I_BIN	hover	CORE_COMBAT_BONUS_MENTION|ATTACK_SPEED_OR_TICK_TIMING	attack_bonus	+1	Stronger variant of Emberlight with +1 attack speed
28859	Purging staff (i)	True	False	CURRENT_I_BIN	hover	CORE_COMBAT_BONUS_MENTION|ATTACK_SPEED_OR_TICK_TIMING|CONDITIONAL_OR_CONTEXTUAL	attack_bonus	+1	Stronger variant of Purging staff with +1 attack speed in PvM
28860	Scorching bow (i)	True	False	CURRENT_I_BIN	hover	CORE_COMBAT_BONUS_MENTION|ATTACK_SPEED_OR_TICK_TIMING	attack_bonus	+1	Stronger variant of Scorching bow with +1 attack speed
28870	Crestbearer hide chaps	False	True	CURRENT_I_BIN	hover	ACCURACY_MODIFIER|CONDITIONAL_OR_CONTEXTUAL|SET_EFFECT		+10%|+45%	Deals +10% range damage in PvM. Gives an additional boost of +45% damage and accuracy in PvM when full set is worn.
28871	Crestbearer hide body	False	True	CURRENT_I_BIN	hover	ACCURACY_MODIFIER|CONDITIONAL_OR_CONTEXTUAL|SET_EFFECT		+10%|+45%	Deals +10% range damage in PvM. Gives an additional boost of +45% damage and accuracy in PvM when full set is worn.
28872	Crestbearer hide coif	False	True	CURRENT_I_BIN	hover	ACCURACY_MODIFIER|CONDITIONAL_OR_CONTEXTUAL|SET_EFFECT		+10%|+45%	Deals +10% range damage in PvM. Gives an additional boost of +45% damage and accuracy in PvM when full set is worn.
28873	Crestbearer hide chaps (dyed)	False	True	CURRENT_I_BIN	hover	ACCURACY_MODIFIER|CONDITIONAL_OR_CONTEXTUAL|SET_EFFECT		+10%|+45%	Deals +10% range damage in PvM. Gives an additional boost of +45% damage and accuracy in PvM when full set is worn.
28874	Crestbearer hide body (dyed)	False	True	CURRENT_I_BIN	hover	ACCURACY_MODIFIER|CONDITIONAL_OR_CONTEXTUAL|SET_EFFECT		+10%|+45%	Deals +10% range damage in PvM. Gives an additional boost of +45% damage and accuracy in PvM when full set is worn.
28875	Crestbearer hide coif (dyed)	False	True	CURRENT_I_BIN	hover	ACCURACY_MODIFIER|CONDITIONAL_OR_CONTEXTUAL|SET_EFFECT		+10%|+45%	Deals +10% range damage in PvM. Gives an additional boost of +45% damage and accuracy in PvM when full set is worn.
28881	Oathplate legs	False	True	CURRENT_I_BIN	hover	MAX_HIT_CAP|CONDITIONAL_OR_CONTEXTUAL|SET_EFFECT		+3	Melee max hit caps raised by +3 with full set
28882	Oathplate chestplate	False	True	CURRENT_I_BIN	hover	MAX_HIT_CAP|CONDITIONAL_OR_CONTEXTUAL|SET_EFFECT		+3	Melee max hit caps raised by +3 with full set
28883	Oathplate helm	False	True	CURRENT_I_BIN	hover	MAX_HIT_CAP|CONDITIONAL_OR_CONTEXTUAL|SET_EFFECT		+3	Melee max hit caps raised by +3 with full set
