animationId	family	purpose	found	customRef	customOsid	customClone	frameCount	frameDurations	durationUnits	derivedVisualDurationMs	timingMode	frameStep	mayaStart	mayaEnd	mayaId	priority	precedenceAnimating	precedenceWalking	authority	timingNote
10	Referenced R3 component	Referenced candidate/control animation	True				8	3,3,3,3,3,3,3,3	24.0	480.0	CLASSIC_FRAME_SEQUENCE	-1	-1	-1	-1	5	0	0	EXACT_CURRENT_CLIENT_DEFINITION	20ms/client-cycle conversion only for classic frameDurations. Validated by anim827: 58 units=1160ms vs production observed ~1125-1203ms.
14	Referenced R3 component	Referenced candidate/control animation	True				11	4,4,10,4,10,2,6,4,3,2,4	53.0	1060.0	CLASSIC_FRAME_SEQUENCE	-1	-1	-1	-1	5	0	0	EXACT_CURRENT_CLIENT_DEFINITION	20ms/client-cycle conversion only for classic frameDurations. Validated by anim827: 58 units=1160ms vs production observed ~1125-1203ms.
15	Referenced R3 component	Referenced candidate/control animation	True				12	21,21,21,21,21,21,21,21,21,21,21,21	252.0	5040.0	CLASSIC_FRAME_SEQUENCE	-1	-1	-1	-1	5	0	0	EXACT_CURRENT_CLIENT_DEFINITION	20ms/client-cycle conversion only for classic frameDurations. Validated by anim827: 58 units=1160ms vs production observed ~1125-1203ms.
16	Referenced R3 component	Referenced candidate/control animation	True				8	7,7,7,7,7,7,7,7	56.0	1120.0	CLASSIC_FRAME_SEQUENCE	-1	-1	-1	-1	5	0	0	EXACT_CURRENT_CLIENT_DEFINITION	20ms/client-cycle conversion only for classic frameDurations. Validated by anim827: 58 units=1160ms vs production observed ~1125-1203ms.
17	Referenced R3 component	Referenced candidate/control animation	True				2	26,26	52.0	1040.0	CLASSIC_FRAME_SEQUENCE	-1	-1	-1	-1	5	0	0	EXACT_CURRENT_CLIENT_DEFINITION	20ms/client-cycle conversion only for classic frameDurations. Validated by anim827: 58 units=1160ms vs production observed ~1125-1203ms.
18	Referenced R3 component	Referenced candidate/control animation	True				13	6,3,3,3,10,1,2,1,2,2,3,4,4	44.0	880.0	CLASSIC_FRAME_SEQUENCE	-1	-1	-1	-1	6	0	0	EXACT_CURRENT_CLIENT_DEFINITION	20ms/client-cycle conversion only for classic frameDurations. Validated by anim827: 58 units=1160ms vs production observed ~1125-1203ms.
19	Referenced R3 component	Referenced candidate/control animation	True				9	6,6,6,6,30,6,6,6,6	78.0	1560.0	CLASSIC_FRAME_SEQUENCE	-1	-1	-1	-1	5	0	0	EXACT_CURRENT_CLIENT_DEFINITION	20ms/client-cycle conversion only for classic frameDurations. Validated by anim827: 58 units=1160ms vs production observed ~1125-1203ms.
20	Referenced R3 component	Referenced candidate/control animation	True				9	6,4,4,3,10,3,2,2,32	66.0	1320.0	CLASSIC_FRAME_SEQUENCE	-1	-1	-1	-1	10	0	0	EXACT_CURRENT_CLIENT_DEFINITION	20ms/client-cycle conversion only for classic frameDurations. Validated by anim827: 58 units=1160ms vs production observed ~1125-1203ms.
22	Referenced R3 component	Referenced candidate/control animation	True				31	4,4,4,4,4,4,4,4,4,4,4,4,4,4,4,4,4,4,4,4,4,4,4,4,4,4,4,4,4,4,4	124.0	2480.0	CLASSIC_FRAME_SEQUENCE	20	-1	-1	-1	5	0	0	EXACT_CURRENT_CLIENT_DEFINITION	20ms/client-cycle conversion only for classic frameDurations. Validated by anim827: 58 units=1160ms vs production observed ~1125-1203ms.
25	Referenced R3 component	Referenced candidate/control animation	True				17	2,2,10,2,2,3,3,3,2,2,5,2,2,2,2,3,2	49.0	980.0	CLASSIC_FRAME_SEQUENCE	-1	-1	-1	-1	6	2	2	EXACT_CURRENT_CLIENT_DEFINITION	20ms/client-cycle conversion only for classic frameDurations. Validated by anim827: 58 units=1160ms vs production observed ~1125-1203ms.
28	Referenced R3 component	Referenced candidate/control animation	True				36	3,4,5,3,3,3,3,3,3,3,3,3,3,3,3,3,3,3,3,3,3,10,7,5,5,5,5,5,5,5,5,5,6,7,8,200	349.0	6980.0	CLASSIC_FRAME_SEQUENCE	-1	-1	-1	-1	10	0	0	EXACT_CURRENT_CLIENT_DEFINITION	20ms/client-cycle conversion only for classic frameDurations. Validated by anim827: 58 units=1160ms vs production observed ~1125-1203ms.
30	Referenced R3 component	Referenced candidate/control animation	True				7	4,4,8,4,4,4,4	32.0	640.0	CLASSIC_FRAME_SEQUENCE	-1	-1	-1	-1	6	0	0	EXACT_CURRENT_CLIENT_DEFINITION	20ms/client-cycle conversion only for classic frameDurations. Validated by anim827: 58 units=1160ms vs production observed ~1125-1203ms.
41	Referenced R3 component	Referenced candidate/control animation	True				5	20,7,10,6,5	48.0	960.0	CLASSIC_FRAME_SEQUENCE	-1	-1	-1	-1	6	0	0	EXACT_CURRENT_CLIENT_DEFINITION	20ms/client-cycle conversion only for classic frameDurations. Validated by anim827: 58 units=1160ms vs production observed ~1125-1203ms.
45	Referenced R3 component	Referenced candidate/control animation	True				8	7,7,7,7,7,7,7,7	56.0	1120.0	CLASSIC_FRAME_SEQUENCE	-1	-1	-1	-1	5	0	0	EXACT_CURRENT_CLIENT_DEFINITION	20ms/client-cycle conversion only for classic frameDurations. Validated by anim827: 58 units=1160ms vs production observed ~1125-1203ms.
50	Referenced R3 component	Referenced candidate/control animation	True				8	9,7,8,9,25,9,8,7	82.0	1640.0	CLASSIC_FRAME_SEQUENCE	-1	-1	-1	-1	5	0	0	EXACT_CURRENT_CLIENT_DEFINITION	20ms/client-cycle conversion only for classic frameDurations. Validated by anim827: 58 units=1160ms vs production observed ~1125-1203ms.
53	Referenced R3 component	Referenced candidate/control animation	True				4	4,4,4,4	16.0	320.0	CLASSIC_FRAME_SEQUENCE	-1	-1	-1	-1	5	0	0	EXACT_CURRENT_CLIENT_DEFINITION	20ms/client-cycle conversion only for classic frameDurations. Validated by anim827: 58 units=1160ms vs production observed ~1125-1203ms.
58	Referenced R3 component	Referenced candidate/control animation	True				8	6,6,6,6,6,6,6,6	48.0	960.0	CLASSIC_FRAME_SEQUENCE	-1	-1	-1	-1	5	0	0	EXACT_CURRENT_CLIENT_DEFINITION	20ms/client-cycle conversion only for classic frameDurations. Validated by anim827: 58 units=1160ms vs production observed ~1125-1203ms.
59	Referenced R3 component	Referenced candidate/control animation	True				4	6,6,10,15	37.0	740.0	CLASSIC_FRAME_SEQUENCE	-1	-1	-1	-1	6	0	0	EXACT_CURRENT_CLIENT_DEFINITION	20ms/client-cycle conversion only for classic frameDurations. Validated by anim827: 58 units=1160ms vs production observed ~1125-1203ms.
72	Referenced R3 component	Referenced candidate/control animation	True				14	50,3,4,4,3,3,3,3,3,3,3,3,3,2	90.0	1800.0	CLASSIC_FRAME_SEQUENCE	1	-1	-1	-1	5	0	0	EXACT_CURRENT_CLIENT_DEFINITION	20ms/client-cycle conversion only for classic frameDurations. Validated by anim827: 58 units=1160ms vs production observed ~1125-1203ms.
75	Referenced R3 component	Referenced candidate/control animation	True				4	4,3,2,2	11.0	220.0	CLASSIC_FRAME_SEQUENCE	-1	-1	-1	-1	6	0	0	EXACT_CURRENT_CLIENT_DEFINITION	20ms/client-cycle conversion only for classic frameDurations. Validated by anim827: 58 units=1160ms vs production observed ~1125-1203ms.
80	Referenced R3 component	Referenced candidate/control animation	True				17	2,2,10,2,2,3,3,3,2,2,5,2,2,2,2,3,2	49.0	980.0	CLASSIC_FRAME_SEQUENCE	-1	-1	-1	-1	6	2	2	EXACT_CURRENT_CLIENT_DEFINITION	20ms/client-cycle conversion only for classic frameDurations. Validated by anim827: 58 units=1160ms vs production observed ~1125-1203ms.
90	Referenced R3 component	Referenced candidate/control animation	True				12	7,7,7,7,7,7,7,7,7,7,7,7	84.0	1680.0	CLASSIC_FRAME_SEQUENCE	-1	-1	-1	-1	5	0	0	EXACT_CURRENT_CLIENT_DEFINITION	20ms/client-cycle conversion only for classic frameDurations. Validated by anim827: 58 units=1160ms vs production observed ~1125-1203ms.
96	Referenced R3 component	Referenced candidate/control animation	True				2	21,21	42.0	840.0	CLASSIC_FRAME_SEQUENCE	-1	-1	-1	-1	5	0	0	EXACT_CURRENT_CLIENT_DEFINITION	20ms/client-cycle conversion only for classic frameDurations. Validated by anim827: 58 units=1160ms vs production observed ~1125-1203ms.
110	Referenced R3 component	Referenced candidate/control animation	True				7	4,4,4,4,4,4,4	28.0	560.0	CLASSIC_FRAME_SEQUENCE	-1	-1	-1	-1	6	0	0	EXACT_CURRENT_CLIENT_DEFINITION	20ms/client-cycle conversion only for classic frameDurations. Validated by anim827: 58 units=1160ms vs production observed ~1125-1203ms.
128	Referenced R3 component	Referenced candidate/control animation	True				7	5,5,5,5,15,3,15	53.0	1060.0	CLASSIC_FRAME_SEQUENCE	-1	-1	-1	-1	6	0	0	EXACT_CURRENT_CLIENT_DEFINITION	20ms/client-cycle conversion only for classic frameDurations. Validated by anim827: 58 units=1160ms vs production observed ~1125-1203ms.
369	Referenced R3 component	Referenced candidate/control animation	True				8	4,4,4,4,8,12,8,4	48.0	960.0	CLASSIC_FRAME_SEQUENCE	-1	-1	-1	-1	5	0	0	EXACT_CURRENT_CLIENT_DEFINITION	20ms/client-cycle conversion only for classic frameDurations. Validated by anim827: 58 units=1160ms vs production observed ~1125-1203ms.
456	Tempoross	Backing animation for pet whirlpool GFX4104	True				8	5,5,5,5,5,5,5,5	40.0	800.0	CLASSIC_FRAME_SEQUENCE	8	-1	-1	-1	5	0	0	EXACT_CURRENT_CLIENT_DEFINITION	20ms/client-cycle conversion only for classic frameDurations. Validated by anim827: 58 units=1160ms vs production observed ~1125-1203ms.
557	Referenced R3 component	Referenced candidate/control animation	True				106	8,9,9,9,9,9,9,9,9,9,9,9,9,9,9,9,9,9,9,9,9,9,9,9,9,9,9,9,9,9,9,9,9,9,9,9,9,9,9,9,9,9,9,9,9,9,9,9,9,9,9,9,9,9,9,9,9,9,9,9,9,9,9,9,9,9,9,9,9,9,9,9,9,9,9,9,9,9,9,9,9,9,9,9,9,9,9,9,9,9,9,9,9,9,9,9,9,9,9,9,9,9,9,9,9,9	953.0	19060.0	CLASSIC_FRAME_SEQUENCE	12	-1	-1	-1	5	0	0	EXACT_CURRENT_CLIENT_DEFINITION	20ms/client-cycle conversion only for classic frameDurations. Validated by anim827: 58 units=1160ms vs production observed ~1125-1203ms.
827	Generic pet lifecycle owner	Drop/Pick-up owner animation	True				10	8,8,4,4,4,10,4,4,4,8	58.0	1160.0	CLASSIC_FRAME_SEQUENCE	-1	-1	-1	-1	5	2	2	EXACT_CURRENT_CLIENT_DEFINITION	20ms/client-cycle conversion only for classic frameDurations. Validated by anim827: 58 units=1160ms vs production observed ~1125-1203ms.
866	Mad/Psychotic Hatter	Dance candidate	True				24	4,4,10,10,10,10,10,10,10,10,10,4,4,4,10,10,10,10,10,10,10,10,10,4	204.0	4080.0	CLASSIC_FRAME_SEQUENCE	-1	-1	-1	-1	2	1	1	EXACT_CURRENT_CLIENT_DEFINITION	20ms/client-cycle conversion only for classic frameDurations. Validated by anim827: 58 units=1160ms vs production observed ~1125-1203ms.
901	Hydra burn	Backing animation for generic Burn effect GFX4108	True				7	4,5,5,5,5,5,5	34.0	680.0	CLASSIC_FRAME_SEQUENCE	-1	-1	-1	-1	5	0	0	EXACT_CURRENT_CLIENT_DEFINITION	20ms/client-cycle conversion only for classic frameDurations. Validated by anim827: 58 units=1160ms vs production observed ~1125-1203ms.
916	Referenced R3 component	Referenced candidate/control animation	True				2	40,40	80.0	1600.0	CLASSIC_FRAME_SEQUENCE	-1	-1	-1	-1	5	0	0	EXACT_CURRENT_CLIENT_DEFINITION	20ms/client-cycle conversion only for classic frameDurations. Validated by anim827: 58 units=1160ms vs production observed ~1125-1203ms.
960	Referenced R3 component	Referenced candidate/control animation	True				1	32	32.0	640.0	CLASSIC_FRAME_SEQUENCE	-1	-1	-1	-1	5	0	0	EXACT_CURRENT_CLIENT_DEFINITION	20ms/client-cycle conversion only for classic frameDurations. Validated by anim827: 58 units=1160ms vs production observed ~1125-1203ms.
968	Referenced R3 component	Referenced candidate/control animation	True				1	32	32.0	640.0	CLASSIC_FRAME_SEQUENCE	-1	-1	-1	-1	5	0	0	EXACT_CURRENT_CLIENT_DEFINITION	20ms/client-cycle conversion only for classic frameDurations. Validated by anim827: 58 units=1160ms vs production observed ~1125-1203ms.
1310	Referenced R3 component	Referenced candidate/control animation	True				4	9,9,9,9	36.0	720.0	CLASSIC_FRAME_SEQUENCE	-1	-1	-1	-1	5	0	0	EXACT_CURRENT_CLIENT_DEFINITION	20ms/client-cycle conversion only for classic frameDurations. Validated by anim827: 58 units=1160ms vs production observed ~1125-1203ms.
1576	Referenced R3 component	Referenced candidate/control animation	True				12	1,1,1,1,1,1,1,1,1,1,1,1	12.0	240.0	CLASSIC_FRAME_SEQUENCE	-1	-1	-1	-1	5	0	0	EXACT_CURRENT_CLIENT_DEFINITION	20ms/client-cycle conversion only for classic frameDurations. Validated by anim827: 58 units=1160ms vs production observed ~1125-1203ms.
1577	Referenced R3 component	Referenced candidate/control animation	True				28	6,6,6,6,6,6,6,6,6,6,6,6,6,6,6,6,6,6,6,6,6,6,6,6,6,6,6,6	168.0	3360.0	CLASSIC_FRAME_SEQUENCE	-1	-1	-1	-1	5	0	0	EXACT_CURRENT_CLIENT_DEFINITION	20ms/client-cycle conversion only for classic frameDurations. Validated by anim827: 58 units=1160ms vs production observed ~1125-1203ms.
1664	Referenced R3 component	Referenced candidate/control animation	True				8	5,4,4,4,5,4,4,4	34.0	680.0	CLASSIC_FRAME_SEQUENCE	-1	-1	-1	-1	5	0	0	EXACT_CURRENT_CLIENT_DEFINITION	20ms/client-cycle conversion only for classic frameDurations. Validated by anim827: 58 units=1160ms vs production observed ~1125-1203ms.
1667	Referenced R3 component	Referenced candidate/control animation	True				11	2,1,1,1,1,1,1,3,2,3,2	18.0	360.0	CLASSIC_FRAME_SEQUENCE	-1	-1	-1	-1	6	0	0	EXACT_CURRENT_CLIENT_DEFINITION	20ms/client-cycle conversion only for classic frameDurations. Validated by anim827: 58 units=1160ms vs production observed ~1125-1203ms.
2022	Referenced R3 component	Referenced candidate/control animation	True				17	2,2,2,2,2,2,2,2,2,2,2,2,2,2,2,2,2	34.0	680.0	CLASSIC_FRAME_SEQUENCE	-1	-1	-1	-1	5	0	0	EXACT_CURRENT_CLIENT_DEFINITION	20ms/client-cycle conversion only for classic frameDurations. Validated by anim827: 58 units=1160ms vs production observed ~1125-1203ms.
2023	Referenced R3 component	Referenced candidate/control animation	True				17	2,2,2,2,2,2,2,2,2,2,2,2,2,2,2,2,2	34.0	680.0	CLASSIC_FRAME_SEQUENCE	-1	-1	-1	-1	5	0	0	EXACT_CURRENT_CLIENT_DEFINITION	20ms/client-cycle conversion only for classic frameDurations. Validated by anim827: 58 units=1160ms vs production observed ~1125-1203ms.
2025	Referenced R3 component	Referenced candidate/control animation	True				16	2,2,2,2,2,2,2,2,2,2,2,2,2,2,2,2	32.0	640.0	CLASSIC_FRAME_SEQUENCE	-1	-1	-1	-1	6	0	0	EXACT_CURRENT_CLIENT_DEFINITION	20ms/client-cycle conversion only for classic frameDurations. Validated by anim827: 58 units=1160ms vs production observed ~1125-1203ms.
2106	Mad/Psychotic Hatter	Jig candidate	True				72	2,2,1,1,4,2,2,2,6,2,2,2,2,2,1,1,4,2,2,2,6,2,2,2,2,2,1,1,4,2,2,2,6,2,2,2,2,2,1,1,4,2,2,2,6,2,2,2,2,2,1,1,4,2,2,2,6,2,2,2,2,2,1,1,4,2,2,2,6,2,2,2	168.0	3360.0	CLASSIC_FRAME_SEQUENCE	-1	-1	-1	-1	2	1	1	EXACT_CURRENT_CLIENT_DEFINITION	20ms/client-cycle conversion only for classic frameDurations. Validated by anim827: 58 units=1160ms vs production observed ~1125-1203ms.
2107	Mad/Psychotic Hatter	Spin candidate	True				21	3,3,3,3,3,3,2,2,2,2,2,2,2,2,3,3,3,3,3,3,3	55.0	1100.0	CLASSIC_FRAME_SEQUENCE	-1	-1	-1	-1	2	1	1	EXACT_CURRENT_CLIENT_DEFINITION	20ms/client-cycle conversion only for classic frameDurations. Validated by anim827: 58 units=1160ms vs production observed ~1125-1203ms.
2108	Mad/Psychotic Hatter	Headbang candidate	True				49	4,4,4,4,8,1,1,1,8,1,1,1,8,1,1,1,8,1,1,1,8,1,1,1,8,1,1,1,8,1,1,1,8,1,1,1,8,1,1,1,8,1,1,1,8,4,4,4,4	150.0	3000.0	CLASSIC_FRAME_SEQUENCE	-1	-1	-1	-1	2	1	1	EXACT_CURRENT_CLIENT_DEFINITION	20ms/client-cycle conversion only for classic frameDurations. Validated by anim827: 58 units=1160ms vs production observed ~1125-1203ms.
2223	Referenced R3 component	Referenced candidate/control animation	True				5	3,4,4,4,4	19.0	380.0	CLASSIC_FRAME_SEQUENCE	1	-1	-1	-1	5	0	0	EXACT_CURRENT_CLIENT_DEFINITION	20ms/client-cycle conversion only for classic frameDurations. Validated by anim827: 58 units=1160ms vs production observed ~1125-1203ms.
2320	Referenced R3 component	Referenced candidate/control animation	True				4	6,6,6,6	24.0	480.0	CLASSIC_FRAME_SEQUENCE	-1	-1	-1	-1	5	0	0	EXACT_CURRENT_CLIENT_DEFINITION	20ms/client-cycle conversion only for classic frameDurations. Validated by anim827: 58 units=1160ms vs production observed ~1125-1203ms.
3151	Referenced R3 component	Referenced candidate/control animation	True				5	5,5,5,5,5	25.0	500.0	CLASSIC_FRAME_SEQUENCE	-1	-1	-1	-1	5	0	0	EXACT_CURRENT_CLIENT_DEFINITION	20ms/client-cycle conversion only for classic frameDurations. Validated by anim827: 58 units=1160ms vs production observed ~1125-1203ms.
4101	Referenced R3 component	Referenced candidate/control animation	True				9	5,5,4,4,4,4,6,8,8	48.0	960.0	CLASSIC_FRAME_SEQUENCE	9	-1	-1	-1	5	0	1	EXACT_CURRENT_CLIENT_DEFINITION	20ms/client-cycle conversion only for classic frameDurations. Validated by anim827: 58 units=1160ms vs production observed ~1125-1203ms.
4102	Referenced R3 component	Referenced candidate/control animation	True				21	5,5,4,8,4,8,4,8,4,4,4,6,5,5,4,4,4,4,6,8,8	112.0	2240.0	CLASSIC_FRAME_SEQUENCE	9	-1	-1	-1	5	0	0	EXACT_CURRENT_CLIENT_DEFINITION	20ms/client-cycle conversion only for classic frameDurations. Validated by anim827: 58 units=1160ms vs production observed ~1125-1203ms.
4104	Referenced R3 component	Referenced candidate/control animation	True				8	5,5,4,4,4,4,8,2	36.0	720.0	CLASSIC_FRAME_SEQUENCE	-1	-1	-1	-1	5	0	0	EXACT_CURRENT_CLIENT_DEFINITION	20ms/client-cycle conversion only for classic frameDurations. Validated by anim827: 58 units=1160ms vs production observed ~1125-1203ms.
4108	Referenced R3 component	Referenced candidate/control animation	True				9	5,5,4,4,4,4,6,8,8	48.0	960.0	CLASSIC_FRAME_SEQUENCE	9	-1	-1	-1	5	0	0	EXACT_CURRENT_CLIENT_DEFINITION	20ms/client-cycle conversion only for classic frameDurations. Validated by anim827: 58 units=1160ms vs production observed ~1125-1203ms.
4123	Referenced R3 component	Referenced candidate/control animation	True				9	3,2,2,2,2,2,2,2,2	19.0	380.0	CLASSIC_FRAME_SEQUENCE	9	-1	-1	-1	5	0	0	EXACT_CURRENT_CLIENT_DEFINITION	20ms/client-cycle conversion only for classic frameDurations. Validated by anim827: 58 units=1160ms vs production observed ~1125-1203ms.
4128	Referenced R3 component	Referenced candidate/control animation	True				24	4,4,4,4,4,4,4,4,4,4,4,4,4,4,4,4,4,4,4,4,4,4,4,4	96.0	1920.0	CLASSIC_FRAME_SEQUENCE	24	-1	-1	-1	5	0	0	EXACT_CURRENT_CLIENT_DEFINITION	20ms/client-cycle conversion only for classic frameDurations. Validated by anim827: 58 units=1160ms vs production observed ~1125-1203ms.
4129	Referenced R3 component	Referenced candidate/control animation	True				29	6,5,5,5,5,5,5,5,5,200,5,5,5,5,5,5,5,5,5,5,5,5,5,5,5,5,5,5,144	480.0	9600.0	CLASSIC_FRAME_SEQUENCE	29	-1	-1	-1	5	0	0	EXACT_CURRENT_CLIENT_DEFINITION	20ms/client-cycle conversion only for classic frameDurations. Validated by anim827: 58 units=1160ms vs production observed ~1125-1203ms.
5000	Referenced R3 component	Referenced candidate/control animation	True				35	5,5,5,5,5,5,5,5,5,5,5,5,5,5,5,5,5,5,5,5,5,5,5,5,5,5,5,5,5,5,5,5,5,5,200	370.0	7400.0	CLASSIC_FRAME_SEQUENCE	-1	-1	-1	-1	5	0	0	EXACT_CURRENT_CLIENT_DEFINITION	20ms/client-cycle conversion only for classic frameDurations. Validated by anim827: 58 units=1160ms vs production observed ~1125-1203ms.
5001	Referenced R3 component	Referenced candidate/control animation	True				30	5,5,5,5,5,5,5,5,5,5,5,5,5,5,5,5,5,5,5,5,5,5,5,5,5,5,5,5,5,200	345.0	6900.0	CLASSIC_FRAME_SEQUENCE	-1	-1	-1	-1	5	0	0	EXACT_CURRENT_CLIENT_DEFINITION	20ms/client-cycle conversion only for classic frameDurations. Validated by anim827: 58 units=1160ms vs production observed ~1125-1203ms.
5002	Referenced R3 component	Referenced candidate/control animation	True				26	7,7,7,7,7,7,7,12,7,7,7,7,7,7,50,7,7,7,7,7,7,12,7,7,7,50	278.0	5560.0	CLASSIC_FRAME_SEQUENCE	26	-1	-1	-1	5	0	0	EXACT_CURRENT_CLIENT_DEFINITION	20ms/client-cycle conversion only for classic frameDurations. Validated by anim827: 58 units=1160ms vs production observed ~1125-1203ms.
5003	Referenced R3 component	Referenced candidate/control animation	True				8	3,3,3,3,3,3,3,3	24.0	480.0	CLASSIC_FRAME_SEQUENCE	8	-1	-1	-1	5	0	0	EXACT_CURRENT_CLIENT_DEFINITION	20ms/client-cycle conversion only for classic frameDurations. Validated by anim827: 58 units=1160ms vs production observed ~1125-1203ms.
5008	Referenced R3 component	Referenced candidate/control animation	True				43	5,5,5,5,5,5,5,5,5,5,5,5,5,5,5,5,5,5,5,5,5,5,5,5,5,5,5,5,5,5,5,5,5,5,5,5,5,5,5,5,5,5,200	410.0	8200.0	CLASSIC_FRAME_SEQUENCE	-1	-1	-1	-1	5	0	0	EXACT_CURRENT_CLIENT_DEFINITION	20ms/client-cycle conversion only for classic frameDurations. Validated by anim827: 58 units=1160ms vs production observed ~1125-1203ms.
5034	Referenced R3 component	Referenced candidate/control animation	True				27	3,3,3,3,3,3,3,3,3,3,3,3,3,3,3,3,3,3,3,3,3,3,3,3,3,3,3	81.0	1620.0	CLASSIC_FRAME_SEQUENCE	-1	-1	-1	-1	5	0	0	EXACT_CURRENT_CLIENT_DEFINITION	20ms/client-cycle conversion only for classic frameDurations. Validated by anim827: 58 units=1160ms vs production observed ~1125-1203ms.
5035	Referenced R3 component	Referenced candidate/control animation	True				16	2,2,2,2,2,2,2,2,2,2,2,2,2,2,2,3	33.0	660.0	CLASSIC_FRAME_SEQUENCE	16	-1	-1	-1	5	0	0	EXACT_CURRENT_CLIENT_DEFINITION	20ms/client-cycle conversion only for classic frameDurations. Validated by anim827: 58 units=1160ms vs production observed ~1125-1203ms.
5047	Referenced R3 component	Referenced candidate/control animation	True				35	7,7,7,6,5,5,6,7,7,7,7,7,7,7,7,7,7,7,7,6,5,4,3,3,4,4,5,5,5,5,5,5,5,5,5	201.0	4020.0	CLASSIC_FRAME_SEQUENCE	-1	-1	-1	-1	5	0	0	EXACT_CURRENT_CLIENT_DEFINITION	20ms/client-cycle conversion only for classic frameDurations. Validated by anim827: 58 units=1160ms vs production observed ~1125-1203ms.
5048	Referenced R3 component	Referenced candidate/control animation	True				50	7,7,7,7,7,7,7,7,7,7,7,7,7,7,7,7,7,6,5,5,6,7,7,7,7,7,7,7,7,7,7,7,7,7,7,7,7,7,7,7,7,7,7,7,7,7,7,7,7,7	344.0	6880.0	CLASSIC_FRAME_SEQUENCE	-1	-1	-1	-1	5	0	0	EXACT_CURRENT_CLIENT_DEFINITION	20ms/client-cycle conversion only for classic frameDurations. Validated by anim827: 58 units=1160ms vs production observed ~1125-1203ms.
5102	Referenced R3 component	Referenced candidate/control animation	True				16	3,3,3,3,4,4,4,4,5,5,5,5,4,4,4,4	64.0	1280.0	CLASSIC_FRAME_SEQUENCE	-1	-1	-1	-1	5	0	0	EXACT_CURRENT_CLIENT_DEFINITION	20ms/client-cycle conversion only for classic frameDurations. Validated by anim827: 58 units=1160ms vs production observed ~1125-1203ms.
5103	Referenced R3 component	Referenced candidate/control animation	True				24	2,2,2,2,2,2,2,2,2,2,2,2,2,2,2,2,2,3,3,3,2,2,2,2	51.0	1020.0	CLASSIC_FRAME_SEQUENCE	-1	-1	-1	-1	2	2	1	EXACT_CURRENT_CLIENT_DEFINITION	20ms/client-cycle conversion only for classic frameDurations. Validated by anim827: 58 units=1160ms vs production observed ~1125-1203ms.
5104	Referenced R3 component	Referenced candidate/control animation	True				33	10,10,13,10,10,10,13,10,10,10,13,10,10,10,13,10,10,10,13,10,10,8,8,8,8,8,8,8,8,10,13,10,10	332.0	6640.0	CLASSIC_FRAME_SEQUENCE	-1	-1	-1	-1	5	0	0	EXACT_CURRENT_CLIENT_DEFINITION	20ms/client-cycle conversion only for classic frameDurations. Validated by anim827: 58 units=1160ms vs production observed ~1125-1203ms.
5107	Referenced R3 component	Referenced candidate/control animation	True				8	6,6,6,6,6,6,6,6	48.0	960.0	CLASSIC_FRAME_SEQUENCE	-1	-1	-1	-1	5	0	0	EXACT_CURRENT_CLIENT_DEFINITION	20ms/client-cycle conversion only for classic frameDurations. Validated by anim827: 58 units=1160ms vs production observed ~1125-1203ms.
5422	Referenced R3 component	Referenced candidate/control animation	True				26	2,2,2,2,2,2,2,2,2,2,4,4,4,3,3,3,3,4,4,5,5,5,7,7,7,7	95.0	1900.0	CLASSIC_FRAME_SEQUENCE	1	-1	-1	-1	5	0	0	EXACT_CURRENT_CLIENT_DEFINITION	20ms/client-cycle conversion only for classic frameDurations. Validated by anim827: 58 units=1160ms vs production observed ~1125-1203ms.
6075	Referenced R3 component	Referenced candidate/control animation	True				108	3,3,3,3,3,3,3,3,3,3,3,3,3,3,3,3,3,3,3,3,3,3,3,3,3,3,3,3,3,3,3,3,3,3,3,3,3,3,3,3,3,3,3,3,3,3,3,3,3,3,3,3,3,3,3,3,3,3,3,3,3,3,3,3,3,3,3,3,3,3,3,3,3,3,3,3,3,3,3,3,3,3,3,3,3,3,3,3,3,3,3,3,3,3,3,3,3,3,3,3,3,3,3,3,3,3,3,3	324.0	6480.0	CLASSIC_FRAME_SEQUENCE	-1	-1	-1	-1	5	0	0	EXACT_CURRENT_CLIENT_DEFINITION	20ms/client-cycle conversion only for classic frameDurations. Validated by anim827: 58 units=1160ms vs production observed ~1125-1203ms.
7078	Referenced R3 component	Referenced candidate/control animation	True				28	3,3,3,3,3,3,3,3,3,3,5,5,3,3,3,3,3,3,3,3,3,3,3,3,3,3,3,3	88.0	1760.0	CLASSIC_FRAME_SEQUENCE	-1	-1	-1	-1	6	2	2	EXACT_CURRENT_CLIENT_DEFINITION	20ms/client-cycle conversion only for classic frameDurations. Validated by anim827: 58 units=1160ms vs production observed ~1125-1203ms.
7079	Referenced R3 component	Referenced candidate/control animation	True				16	30,5,5,3,3,3,3,3,3,3,3,3,3,3,3,12	88.0	1760.0	CLASSIC_FRAME_SEQUENCE	-1	-1	-1	-1	5	0	0	EXACT_CURRENT_CLIENT_DEFINITION	20ms/client-cycle conversion only for classic frameDurations. Validated by anim827: 58 units=1160ms vs production observed ~1125-1203ms.
7662	Generic pet stat boost	Backing animation for player GFX1310	True				21	4,4,4,4,4,4,4,4,4,4,4,4,4,4,4,4,4,4,4,4,4	84.0	1680.0	CLASSIC_FRAME_SEQUENCE	-1	-1	-1	-1	5	0	0	EXACT_CURRENT_CLIENT_DEFINITION	20ms/client-cycle conversion only for classic frameDurations. Validated by anim827: 58 units=1160ms vs production observed ~1125-1203ms.
7912	Midnight Tiger	Backing animation for GFX4101/4102	True				14	4,4,4,4,4,4,4,4,4,4,4,4,4,4	56.0	1120.0	CLASSIC_FRAME_SEQUENCE	-1	-1	-1	-1	5	0	0	EXACT_CURRENT_CLIENT_DEFINITION	20ms/client-cycle conversion only for classic frameDurations. Validated by anim827: 58 units=1160ms vs production observed ~1125-1203ms.
8241	Blood/Vigorous Hydra	HYDRA_LIGHTNING family candidate	True				8	3,3,3,3,3,3,3,3	24.0	480.0	CLASSIC_FRAME_SEQUENCE	-1	-1	-1	-1	5	0	0	EXACT_CURRENT_CLIENT_DEFINITION	20ms/client-cycle conversion only for classic frameDurations. Validated by anim827: 58 units=1160ms vs production observed ~1125-1203ms.
8248	Ancient/Volcanic Hydra	HYDRA_FIRE/spit family candidate	True				16	3,3,3,3,3,3,3,3,3,3,3,3,3,3,3,3	48.0	960.0	CLASSIC_FRAME_SEQUENCE	-1	-1	-1	-1	6	2	2	EXACT_CURRENT_CLIENT_DEFINITION	20ms/client-cycle conversion only for classic frameDurations. Validated by anim827: 58 units=1160ms vs production observed ~1125-1203ms.
8504	Referenced R3 component	Referenced candidate/control animation	True				32	5,5,5,5,5,5,5,5,5,5,5,5,5,5,5,5,5,5,5,5,5,5,5,5,5,5,5,5,5,5,5,5	160.0	3200.0	CLASSIC_FRAME_SEQUENCE	-1	-1	-1	-1	5	0	0	EXACT_CURRENT_CLIENT_DEFINITION	20ms/client-cycle conversion only for classic frameDurations. Validated by anim827: 58 units=1160ms vs production observed ~1125-1203ms.
8505	Referenced R3 component	Referenced candidate/control animation	True				20	5,5,5,5,1,5,5,5,5,1,5,5,5,5,1,5,5,5,5,1	84.0	1680.0	CLASSIC_FRAME_SEQUENCE	-1	-1	-1	-1	5	0	0	EXACT_CURRENT_CLIENT_DEFINITION	20ms/client-cycle conversion only for classic frameDurations. Validated by anim827: 58 units=1160ms vs production observed ~1125-1203ms.
8939	Referenced R3 component	Referenced candidate/control animation	True				23	5,5,5,5,4,3,1,1,1,1,2,2,2,2,3,3,3,3,4,4,4,4,123	190.0	3800.0	CLASSIC_FRAME_SEQUENCE	-1	-1	-1	-1	10	0	0	EXACT_CURRENT_CLIENT_DEFINITION	20ms/client-cycle conversion only for classic frameDurations. Validated by anim827: 58 units=1160ms vs production observed ~1125-1203ms.
8941	Referenced R3 component	Referenced candidate/control animation	True				23	23,4,4,4,4,3,3,3,3,2,2,2,2,1,1,1,1,3,4,5,5,5,5	90.0	1800.0	CLASSIC_FRAME_SEQUENCE	-1	-1	-1	-1	10	0	0	EXACT_CURRENT_CLIENT_DEFINITION	20ms/client-cycle conversion only for classic frameDurations. Validated by anim827: 58 units=1160ms vs production observed ~1125-1203ms.
10277	Referenced R3 component	Referenced candidate/control animation	True				16	5,5,5,5,5,5,5,5,5,5,5,5,5,5,5,5	80.0	1600.0	CLASSIC_FRAME_SEQUENCE	16	-1	-1	-1	5	0	0	EXACT_CURRENT_CLIENT_DEFINITION	20ms/client-cycle conversion only for classic frameDurations. Validated by anim827: 58 units=1160ms vs production observed ~1125-1203ms.
10281	Referenced R3 component	Referenced candidate/control animation	True				16	5,5,5,5,5,5,5,5,5,5,5,5,5,5,5,5	80.0	1600.0	CLASSIC_FRAME_SEQUENCE	16	-1	-1	-1	5	0	0	EXACT_CURRENT_CLIENT_DEFINITION	20ms/client-cycle conversion only for classic frameDurations. Validated by anim827: 58 units=1160ms vs production observed ~1125-1203ms.
10396	Referenced R3 component	Referenced candidate/control animation	True				23	25,3,3,3,3,3,3,3,3,3,3,3,3,3,3,3,3,3,3,3,3,3,2	90.0	1800.0	CLASSIC_FRAME_SEQUENCE	-1	-1	-1	-1	5	0	0	EXACT_CURRENT_CLIENT_DEFINITION	20ms/client-cycle conversion only for classic frameDurations. Validated by anim827: 58 units=1160ms vs production observed ~1125-1203ms.
10401	Referenced R3 component	Referenced candidate/control animation	True				10	4,4,4,4,4,4,4,4,4,4	40.0	800.0	CLASSIC_FRAME_SEQUENCE	-1	-1	-1	-1	5	0	0	EXACT_CURRENT_CLIENT_DEFINITION	20ms/client-cycle conversion only for classic frameDurations. Validated by anim827: 58 units=1160ms vs production observed ~1125-1203ms.
11221	Referenced R3 component	Referenced candidate/control animation	True				16	4,4,4,3,4,4,4,3,4,4,4,3,4,4,4,3	60.0	1200.0	CLASSIC_FRAME_SEQUENCE	1	-1	-1	-1	5	0	0	EXACT_CURRENT_CLIENT_DEFINITION	20ms/client-cycle conversion only for classic frameDurations. Validated by anim827: 58 units=1160ms vs production observed ~1125-1203ms.
14259	Referenced R3 component	Referenced candidate/control animation	True				15	3,3,3,3,3,3,3,3,3,3,3,3,3,3,3	45.0	900.0	CLASSIC_FRAME_SEQUENCE	-1	-1	-1	-1	5	2	2	EXACT_CURRENT_CLIENT_DEFINITION	20ms/client-cycle conversion only for classic frameDurations. Validated by anim827: 58 units=1160ms vs production observed ~1125-1203ms.
15317	Referenced R3 component	Referenced candidate/control animation	True	(Gfx Anim) Araxxor web projectile	9994.0		15	4,4,4,4,4,4,4,4,4,4,4,4,4,4,4	60.0	1200.0	CLASSIC_FRAME_SEQUENCE	-1	-1	-1	-1	5	-1	-1	EXACT_CURRENT_CLIENT_DEFINITION	20ms/client-cycle conversion only for classic frameDurations. Validated by anim827: 58 units=1160ms vs production observed ~1125-1203ms.
15319	Araxxor	Venom projectile family backing animation	True	(Gfx Anim) Araxxor venom projectile	8133.0		36	5,5,5,5,5,5,5,5,5,5,5,5,5,5,5,5,5,5,5,5,5,5,5,5,5,5,5,5,5,5,5,5,5,5,5,5	180.0	3600.0	CLASSIC_FRAME_SEQUENCE	-1	-1	-1	-1	5	-1	-1	EXACT_CURRENT_CLIENT_DEFINITION	20ms/client-cycle conversion only for classic frameDurations. Validated by anim827: 58 units=1160ms vs production observed ~1125-1203ms.
15562	Tempoross	Exact named pet activation	True	Tempoross pet activation	8905.0		30	1,3,3,5,4,6,6,6,6,7,6,6,7,7,8,1,1,1,1,2,4,7,9,7,8,7,6,6,6,3	150.0	3000.0	CLASSIC_FRAME_SEQUENCE	-1	-1	-1	-1	5	-1	-1	EXACT_CURRENT_CLIENT_DEFINITION	20ms/client-cycle conversion only for classic frameDurations. Validated by anim827: 58 units=1160ms vs production observed ~1125-1203ms.
15661	Magma/Molten Geyser	Backing animation for steam_ward GFX4123	True	(Gfx Anim) smoke_appear	10137.0		25	3,3,3,3,3,3,3,3,3,3,3,3,3,3,3,3,3,3,3,3,3,3,3,3,3	75.0	1500.0	CLASSIC_FRAME_SEQUENCE	-1	-1	-1	-1	5	-1	-1	EXACT_CURRENT_CLIENT_DEFINITION	20ms/client-cycle conversion only for classic frameDurations. Validated by anim827: 58 units=1160ms vs production observed ~1125-1203ms.
15682	Kephri	Backing animation for dung_drop GFX4128	True	(Gfx Anim) kephri_dung_drop	9519.0		17	5,5,5,5,5,5,5,5,5,5,5,5,5,5,5,5,10	90.0	1800.0	CLASSIC_FRAME_SEQUENCE	-1	-1	-1	-1	5	-1	-1	EXACT_CURRENT_CLIENT_DEFINITION	20ms/client-cycle conversion only for classic frameDurations. Validated by anim827: 58 units=1160ms vs production observed ~1125-1203ms.
15877	Referenced R3 component	Referenced candidate/control animation	True	Araxxor ranged attack	11476.0		20	3,3,4,4,5,5,4,4,4,4,3,3,2,3,2,3,3,3,2,2	66.0	1320.0	CLASSIC_FRAME_SEQUENCE	-1	-1	-1	-1	8	-1	-1	EXACT_CURRENT_CLIENT_DEFINITION	20ms/client-cycle conversion only for classic frameDurations. Validated by anim827: 58 units=1160ms vs production observed ~1125-1203ms.
15878	Referenced R3 component	Referenced candidate/control animation	True	Araxxor ranged attack faster	11477.0		19	3,3,3,4,3,2,2,4,4,4,4,3,3,3,3,3,3,3,3	60.0	1200.0	CLASSIC_FRAME_SEQUENCE	-1	-1	-1	-1	9	-1	-1	EXACT_CURRENT_CLIENT_DEFINITION	20ms/client-cycle conversion only for classic frameDurations. Validated by anim827: 58 units=1160ms vs production observed ~1125-1203ms.
15879	Referenced R3 component	Referenced candidate/control animation	True	Araxxor magic attack	11479.0		19	3,3,3,3,3,4,4,4,2,2,4,4,3,3,3,3,3,3,3	60.0	1200.0	CLASSIC_FRAME_SEQUENCE	-1	-1	-1	-1	8	-1	-1	EXACT_CURRENT_CLIENT_DEFINITION	20ms/client-cycle conversion only for classic frameDurations. Validated by anim827: 58 units=1160ms vs production observed ~1125-1203ms.
15880	Referenced R3 component	Referenced candidate/control animation	True	Araxxor melee attack	11480.0		18	3,3,3,3,3,3,3,3,3,3,3,5,5,5,3,3,3,3	60.0	1200.0	CLASSIC_FRAME_SEQUENCE	-1	-1	-1	-1	8	-1	-1	EXACT_CURRENT_CLIENT_DEFINITION	20ms/client-cycle conversion only for classic frameDurations. Validated by anim827: 58 units=1160ms vs production observed ~1125-1203ms.
15884	Referenced R3 component	Referenced candidate/control animation	True	Araxxor charged attack	11484.0		28	4,4,4,4,4,4,4,4,4,3,2,2,2,2,2,2,4,4,4,4,2,3,3,3,3,3,3,3	90.0	1800.0	CLASSIC_FRAME_SEQUENCE	-1	-1	-1	-1	8	-1	-1	EXACT_CURRENT_CLIENT_DEFINITION	20ms/client-cycle conversion only for classic frameDurations. Validated by anim827: 58 units=1160ms vs production observed ~1125-1203ms.
16020	Referenced R3 component	Referenced candidate/control animation	True	(Gfx Anim) Olm lightning	7471.0		15	3,3,3,3,3,3,3,3,3,3,3,3,3,3,3	45.0	900.0	CLASSIC_FRAME_SEQUENCE	15	-1	-1	-1	5	-1	-1	EXACT_CURRENT_CLIENT_DEFINITION	20ms/client-cycle conversion only for classic frameDurations. Validated by anim827: 58 units=1160ms vs production observed ~1125-1203ms.
16087	Referenced R3 component	Referenced candidate/control animation	True	(Gfx Anim) Araxxor blue projectile	7571.0		12	5,5,5,5,5,5,5,5,5,5,5,5	60.0	1200.0	CLASSIC_FRAME_SEQUENCE	12	-1	-1	-1	5	-1	-1	EXACT_CURRENT_CLIENT_DEFINITION	20ms/client-cycle conversion only for classic frameDurations. Validated by anim827: 58 units=1160ms vs production observed ~1125-1203ms.
16093	Araxxor	Venom splat family backing animation	True	(Gfx Anim) Araxxor venom splat	465.0		10	10,2,2,2,3,3,3,2,2,2	31.0	620.0	CLASSIC_FRAME_SEQUENCE	-1	-1	-1	-1	5	-1	-1	EXACT_CURRENT_CLIENT_DEFINITION	20ms/client-cycle conversion only for classic frameDurations. Validated by anim827: 58 units=1160ms vs production observed ~1125-1203ms.
16095	Referenced R3 component	Referenced candidate/control animation	True	walkAnim -> Kephri (NPC 11719)	9572.0		0				MAYA_SEQUENCE	-1	-1	120	30736384	4	-1	-1	EXACT_CURRENT_CLIENT_DEFINITION	Maya/no-duration row: do not infer milliseconds from mayaEnd without separate proof.
16122	Kephri	Maya backing animation for dungball explosion GFX5048	True	(Gfx Anim) kephri_dungball_explosion	9609.0		0				MAYA_SEQUENCE	1	-1	60	4521984	5	-1	-1	EXACT_CURRENT_CLIENT_DEFINITION	Maya/no-duration row: do not infer milliseconds from mayaEnd without separate proof.
