domain	key	animation	gfx	projectile	impact	authority
weapon	868 Rune knife	806		218		CURRENT_PRODUCTION_PROVEN
weapon	861 Magic shortbow + rune arrow	15409	24	15		CURRENT_PRODUCTION_PROVEN
weapon	861 Magic shortbow + adamant arrow	15409	22	13		CURRENT_PRODUCTION_PROVEN
weapon	9185 Rune crossbow	4230		27		CURRENT_PRODUCTION_PROVEN
weapon	4734 Karil crossbow	2075		27		CURRENT_PRODUCTION_PROVEN
weapon	11235 Dark bow + adamant arrow	15409	1108	13 x2		CURRENT_PRODUCTION_PROVEN
weapon	11235 Dark bow + rune arrow	15409	1109	15 x2		CURRENT_PRODUCTION_PROVEN
weapon	11235 Dark bow + dragon arrow	15409	1111	1120 x2		CURRENT_PRODUCTION_PROVEN
spell	Water surge	7855	1458	1459	1460	CURRENT_PRODUCTION_PROVEN
spell	Earth surge	7855	1461	1462	1463	CURRENT_PRODUCTION_PROVEN
spell	Fire surge	7855	1464	1465	1466	CURRENT_PRODUCTION_PROVEN
spell	Fire strike	711	99	100	101	CURRENT_PRODUCTION_PROVEN
spell	Earth strike	711	96	97	98	CURRENT_PRODUCTION_PROVEN
spell	Fire bolt	711	126	127	128	CURRENT_PRODUCTION_PROVEN
spell	Earth bolt	711	123	124	125	CURRENT_PRODUCTION_PROVEN
spell	Fire blast	711	129	130	131	CURRENT_PRODUCTION_PROVEN
spell	Earth blast	711	138	139	140	CURRENT_PRODUCTION_PROVEN
spell	Fire wave	711	155	156	157	CURRENT_PRODUCTION_PROVEN
spell	Earth wave	711	164	165	166	CURRENT_PRODUCTION_PROVEN
spell	Ice Rush	1978		360	361	CURRENT_PRODUCTION_PROVEN
spell	Ice Burst	1979			363	CURRENT_PRODUCTION_PROVEN
spell	Ice Blitz	1978	366		367	CURRENT_PRODUCTION_PROVEN
spell	Ice Barrage	1979			369	CURRENT_PRODUCTION_PROVEN
spell	Blood Blitz	1978		374	375	CURRENT_PRODUCTION_PROVEN
spell	Blood Barrage	1979			377	CURRENT_PRODUCTION_PROVEN
spell	Shadow Blitz	1978		380	381	CURRENT_PRODUCTION_PROVEN
spell	Smoke Blitz	1978		386	387	CURRENT_PRODUCTION_PROVEN
spell	Miasmic rush	10513	1845	1846	1847	CURRENT_PRODUCTION_PROVEN
spell	Miasmic burst	10516	1848		1849	CURRENT_PRODUCTION_PROVEN
spell	Miasmic blitz	10524	1850	1852	1851	CURRENT_PRODUCTION_PROVEN
spell	Miasmic barrage	10518	1853		1854	CURRENT_PRODUCTION_PROVEN
spell	Tele Block	10503	1841	1842		CURRENT_PRODUCTION_PROVEN
spell	Stun	729	173	174		CURRENT_PRODUCTION_PROVEN
spell	Entangle	711	177	178	179	CURRENT_PRODUCTION_PROVEN
