item_id	name	r28Family	r28PresentationCandidates	r28Authority	currentNamedAnimationCandidates	currentNamedGfxCandidates	matchStrength	staticClosure	productionProof
7807	@gre@Barrelchest war axe	AXE		UNKNOWN_SERVER_ONLY			NONE	NO_NEW_STATIC_COMPONENT	NO_NEW_RUNTIME_PROOF
11716	@gre@Zamorakian spear	SPEAR		UNKNOWN_SERVER_ONLY			NONE	NO_NEW_STATIC_COMPONENT	NO_NEW_RUNTIME_PROOF
11717	@gre@Zamorakian spear	SPEAR		UNKNOWN_SERVER_ONLY			NONE	NO_NEW_STATIC_COMPONENT	NO_NEW_RUNTIME_PROOF
12848	@gre@Granite maul (or)	GRANITE_MAUL	1667	HISTORICAL_OR_OSRS_SPECIAL_LINEAGE_CANDIDATE			NONE	NO_NEW_STATIC_COMPONENT	NO_NEW_RUNTIME_PROOF
14450	@gre@Heavy ballista	BALLISTA_CONFLICT	7222	CURRENT_STATIC_CANDIDATE	7222		DIRECT_CURRENT_NAME_MATCH	CURRENT_NAMED_COMPONENT_SET_EXTRACTED	NO_NEW_RUNTIME_PROOF
14490	@gre@Elemental staff	STAFF		UNKNOWN_SERVER_ONLY			NONE	NO_NEW_STATIC_COMPONENT	NO_NEW_RUNTIME_PROOF
14491	@gre@Elemental c'bow	CROSSBOW		UNKNOWN_SERVER_ONLY			NONE	NO_NEW_STATIC_COMPONENT	NO_NEW_RUNTIME_PROOF
14990	@gre@Zaryte bow	BOW		UNKNOWN_SERVER_ONLY			NONE	NO_NEW_STATIC_COMPONENT	NO_NEW_RUNTIME_PROOF
15003	@gre@Special spirit pet			UNKNOWN_SERVER_ONLY			NONE	NO_NEW_STATIC_COMPONENT	NO_NEW_RUNTIME_PROOF
15242	@gre@Barrelchest cannon	HAND_CANNON		UNKNOWN_SERVER_ONLY			NONE	NO_NEW_STATIC_COMPONENT	NO_NEW_RUNTIME_PROOF
16843	@gre@Elemental dagger	RAPIER_DAGGER		UNKNOWN_SERVER_ONLY			NONE	NO_NEW_STATIC_COMPONENT	NO_NEW_RUNTIME_PROOF
19669	@gre@Ring of vigour			UNKNOWN_SERVER_ONLY			NONE	NO_NEW_STATIC_COMPONENT	NO_NEW_RUNTIME_PROOF
20482	@gre@Dragon thrownaxe	THROWN_806		UNKNOWN_SERVER_ONLY			NONE	NO_NEW_STATIC_COMPONENT	NO_NEW_RUNTIME_PROOF
20779	@gre@Special spirit pet			UNKNOWN_SERVER_ONLY			NONE	NO_NEW_STATIC_COMPONENT	NO_NEW_RUNTIME_PROOF
21000	@gre@Kharazi shard			UNKNOWN_SERVER_ONLY			NONE	NO_NEW_STATIC_COMPONENT	NO_NEW_RUNTIME_PROOF
21007	@gre@Elemental staff raffle ticket	STAFF		UNKNOWN_SERVER_ONLY			NONE	NO_NEW_STATIC_COMPONENT	NO_NEW_RUNTIME_PROOF
21060	@gre@Ethereal elemental staff	STAFF		UNKNOWN_SERVER_ONLY			NONE	NO_NEW_STATIC_COMPONENT	NO_NEW_RUNTIME_PROOF
21073	@gre@Balmung	SWORD		UNKNOWN_SERVER_ONLY			NONE	NO_NEW_STATIC_COMPONENT	NO_NEW_RUNTIME_PROOF
21085	@gre@Dragonfire ward			UNKNOWN_SERVER_ONLY			NONE	NO_NEW_STATIC_COMPONENT	NO_NEW_RUNTIME_PROOF
21086	@gre@Ancient wyvern shield			UNKNOWN_SERVER_ONLY			NONE	NO_NEW_STATIC_COMPONENT	NO_NEW_RUNTIME_PROOF
21089	@gre@Armadyl godsword (or)	GODSWORD		UNKNOWN_SERVER_ONLY			NONE	NO_NEW_STATIC_COMPONENT	NO_NEW_RUNTIME_PROOF
21143	@gre@Vorkath pet			UNKNOWN_SERVER_ONLY			NONE	NO_NEW_STATIC_COMPONENT	NO_NEW_RUNTIME_PROOF
21162	@red@Kharazi dark bow	BOW		UNKNOWN_SERVER_ONLY			NONE	NO_NEW_STATIC_COMPONENT	NO_NEW_RUNTIME_PROOF
21566	@gre@Scythe of vitur	SCYTHE		UNKNOWN_SERVER_ONLY			NONE	NO_NEW_STATIC_COMPONENT	NO_NEW_RUNTIME_PROOF
21608	@gre@Enchanted pool			UNKNOWN_SERVER_ONLY			NONE	NO_NEW_STATIC_COMPONENT	NO_NEW_RUNTIME_PROOF
21662	@gre@Ghrazi blood rapier	GHRAZI_RAPIER		UNKNOWN_SERVER_ONLY			NONE	NO_NEW_STATIC_COMPONENT	NO_NEW_RUNTIME_PROOF
21663	@gre@Ghrazi blood hilt			UNKNOWN_SERVER_ONLY			NONE	NO_NEW_STATIC_COMPONENT	NO_NEW_RUNTIME_PROOF
21664	@gre@Sanguinesti enchantment orb	POWERED_STAFF		UNKNOWN_SERVER_ONLY			NONE	NO_NEW_STATIC_COMPONENT	NO_NEW_RUNTIME_PROOF
21767	@gre@Ancient ward			UNKNOWN_SERVER_ONLY			NONE	NO_NEW_STATIC_COMPONENT	NO_NEW_RUNTIME_PROOF
21831	@gre@Ags special scroll			UNKNOWN_SERVER_ONLY			NONE	NO_NEW_STATIC_COMPONENT	NO_NEW_RUNTIME_PROOF
21832	@gre@Bgs special scroll			UNKNOWN_SERVER_ONLY			NONE	NO_NEW_STATIC_COMPONENT	NO_NEW_RUNTIME_PROOF
21848	@gre@Inquisitor mace	INQUISITOR_MACE		UNKNOWN_SERVER_ONLY			NONE	NO_NEW_STATIC_COMPONENT	NO_NEW_RUNTIME_PROOF
21854	@gre@Eldritch orb			UNKNOWN_SERVER_ONLY			NONE	NO_NEW_STATIC_COMPONENT	NO_NEW_RUNTIME_PROOF
21856	@gre@Volatile orb			UNKNOWN_SERVER_ONLY			NONE	NO_NEW_STATIC_COMPONENT	NO_NEW_RUNTIME_PROOF
21938	@gre@Easter zaryte bow	BOW		UNKNOWN_SERVER_ONLY			NONE	NO_NEW_STATIC_COMPONENT	NO_NEW_RUNTIME_PROOF
22016	@gre@Behallowed saradomin sword	SARADOMIN_SWORD		UNKNOWN_SERVER_ONLY			NONE	NO_NEW_STATIC_COMPONENT	NO_NEW_RUNTIME_PROOF
22017	@gre@Solar dark bow	BOW		UNKNOWN_SERVER_ONLY			NONE	NO_NEW_STATIC_COMPONENT	NO_NEW_RUNTIME_PROOF
22084	@gre@Orb of terror			UNKNOWN_SERVER_ONLY			NONE	NO_NEW_STATIC_COMPONENT	NO_NEW_RUNTIME_PROOF
22121	@gre@Swift blade (t)	SWORD		UNKNOWN_SERVER_ONLY			NONE	NO_NEW_STATIC_COMPONENT	NO_NEW_RUNTIME_PROOF
22134	@gre@Inquisitor maul	ELDER_MAUL		UNKNOWN_SERVER_ONLY	15627		R28_FAMILY_PLUS_CURRENT_NAMED_ASSET	CURRENT_NAMED_COMPONENT_SET_EXTRACTED	NO_NEW_RUNTIME_PROOF
22144	@gre@Haunted zaryte branch			UNKNOWN_SERVER_ONLY			NONE	NO_NEW_STATIC_COMPONENT	NO_NEW_RUNTIME_PROOF
22145	@gre@Haunted zaryte bow	BOW		UNKNOWN_SERVER_ONLY			NONE	NO_NEW_STATIC_COMPONENT	NO_NEW_RUNTIME_PROOF
22213	@gre@Granite mace	MACE		UNKNOWN_SERVER_ONLY			NONE	NO_NEW_STATIC_COMPONENT	NO_NEW_RUNTIME_PROOF
22892	@gre@Dragon upgrade scroll			UNKNOWN_SERVER_ONLY			NONE	NO_NEW_STATIC_COMPONENT	NO_NEW_RUNTIME_PROOF
22950	@gre@Dragon claws (or)	DRAGON_CLAWS	7514	HISTORICAL_OR_OSRS_SPECIAL_LINEAGE_CANDIDATE			NONE	NO_NEW_STATIC_COMPONENT	NO_NEW_RUNTIME_PROOF
23056	@gre@Malevolent sword	SWORD		UNKNOWN_SERVER_ONLY			NONE	NO_NEW_STATIC_COMPONENT	NO_NEW_RUNTIME_PROOF
23057	@gre@Malevolent war axe	AXE		UNKNOWN_SERVER_ONLY			NONE	NO_NEW_STATIC_COMPONENT	NO_NEW_RUNTIME_PROOF
23058	@gre@Malevolent maul	ELDER_MAUL		UNKNOWN_SERVER_ONLY	15627		R28_FAMILY_PLUS_CURRENT_NAMED_ASSET	CURRENT_NAMED_COMPONENT_SET_EXTRACTED	NO_NEW_RUNTIME_PROOF
23097	@gre@Dragonfire ward			UNKNOWN_SERVER_ONLY			NONE	NO_NEW_STATIC_COMPONENT	NO_NEW_RUNTIME_PROOF
23098	@gre@Ancient wyvern shield			UNKNOWN_SERVER_ONLY			NONE	NO_NEW_STATIC_COMPONENT	NO_NEW_RUNTIME_PROOF
23108	@gre@Zaryte bow	BOW		UNKNOWN_SERVER_ONLY			NONE	NO_NEW_STATIC_COMPONENT	NO_NEW_RUNTIME_PROOF
23131	@gre@Blade of saeldor	SAELDOR		UNKNOWN_SERVER_ONLY			NONE	NO_NEW_STATIC_COMPONENT	NO_NEW_RUNTIME_PROOF
23156	@gre@Ethereal elemental staff (broken)	STAFF		UNKNOWN_SERVER_ONLY			NONE	NO_NEW_STATIC_COMPONENT	NO_NEW_RUNTIME_PROOF
23161	@gre@Staff of balance	STAFF		UNKNOWN_SERVER_ONLY			NONE	NO_NEW_STATIC_COMPONENT	NO_NEW_RUNTIME_PROOF
23173	@gre@Limitbreak berserker pet			UNKNOWN_SERVER_ONLY			NONE	NO_NEW_STATIC_COMPONENT	NO_NEW_RUNTIME_PROOF
23204	@gre@Reaper bludgeon	ABYSSAL_BLUDGEON		UNKNOWN_SERVER_ONLY			NONE	NO_NEW_STATIC_COMPONENT	NO_NEW_RUNTIME_PROOF
23246	@gre@Granite maul (or)	GRANITE_MAUL	1667	HISTORICAL_OR_OSRS_SPECIAL_LINEAGE_CANDIDATE			NONE	NO_NEW_STATIC_COMPONENT	NO_NEW_RUNTIME_PROOF
23249	@gre@Heavy ballista	BALLISTA_CONFLICT		UNKNOWN_SERVER_ONLY	7222		DIRECT_CURRENT_NAME_MATCH	CURRENT_NAMED_COMPONENT_SET_EXTRACTED	NO_NEW_RUNTIME_PROOF
23268	@gre@Barrelchest sword	SWORD		UNKNOWN_SERVER_ONLY			NONE	NO_NEW_STATIC_COMPONENT	NO_NEW_RUNTIME_PROOF
23269	@gre@Barrelchest war axe	AXE		UNKNOWN_SERVER_ONLY			NONE	NO_NEW_STATIC_COMPONENT	NO_NEW_RUNTIME_PROOF
23271	@gre@Barrelchest cannon	HAND_CANNON		UNKNOWN_SERVER_ONLY			NONE	NO_NEW_STATIC_COMPONENT	NO_NEW_RUNTIME_PROOF
23470	@gre@Bow of faerdhinen	BOW		UNKNOWN_SERVER_ONLY			NONE	NO_NEW_STATIC_COMPONENT	NO_NEW_RUNTIME_PROOF
23471	@gre@Blade of saeldor (i)	SAELDOR		UNKNOWN_SERVER_ONLY			NONE	NO_NEW_STATIC_COMPONENT	NO_NEW_RUNTIME_PROOF
23472	@gre@Bow of faerdhinen (i)	BOW		UNKNOWN_SERVER_ONLY			NONE	NO_NEW_STATIC_COMPONENT	NO_NEW_RUNTIME_PROOF
23474	@gre@Dark hunllef pet			UNKNOWN_SERVER_ONLY			NONE	NO_NEW_STATIC_COMPONENT	NO_NEW_RUNTIME_PROOF
23932	@gre@Malevolent cannon	HAND_CANNON		UNKNOWN_SERVER_ONLY			NONE	NO_NEW_STATIC_COMPONENT	NO_NEW_RUNTIME_PROOF
23933	@gre@Limitbreak corp pet			UNKNOWN_SERVER_ONLY			NONE	NO_NEW_STATIC_COMPONENT	NO_NEW_RUNTIME_PROOF
23985	@gre@Zamorak godsword (or)	GODSWORD		UNKNOWN_SERVER_ONLY			NONE	NO_NEW_STATIC_COMPONENT	NO_NEW_RUNTIME_PROOF
23986	@gre@Saradomin godsword (or)	GODSWORD		UNKNOWN_SERVER_ONLY			NONE	NO_NEW_STATIC_COMPONENT	NO_NEW_RUNTIME_PROOF
23987	@gre@Bandos godsword (or)	GODSWORD		UNKNOWN_SERVER_ONLY			NONE	NO_NEW_STATIC_COMPONENT	NO_NEW_RUNTIME_PROOF
24023	@gre@Scythe of vitur (dyed)	SCYTHE		UNKNOWN_SERVER_ONLY			NONE	NO_NEW_STATIC_COMPONENT	NO_NEW_RUNTIME_PROOF
24152	@gre@Ancient godsword	GODSWORD		UNKNOWN_SERVER_ONLY			NONE	NO_NEW_STATIC_COMPONENT	NO_NEW_RUNTIME_PROOF
24155	@gre@Zaryte crossbow	CROSSBOW		UNKNOWN_SERVER_ONLY			NONE	NO_NEW_STATIC_COMPONENT	NO_NEW_RUNTIME_PROOF
24243	@gre@ZGS special scroll			UNKNOWN_SERVER_ONLY			NONE	NO_NEW_STATIC_COMPONENT	NO_NEW_RUNTIME_PROOF
25552	@gre@Claws of callisto			UNKNOWN_SERVER_ONLY			NONE	NO_NEW_STATIC_COMPONENT	NO_NEW_RUNTIME_PROOF
25553	@gre@Fangs of venenatis		15417	HISTORICAL_OR_OSRS_SPECIAL_LINEAGE_CANDIDATE			NONE	NO_NEW_STATIC_COMPONENT	NO_NEW_RUNTIME_PROOF
25554	@gre@Skull of vet'ion			UNKNOWN_SERVER_ONLY			NONE	NO_NEW_STATIC_COMPONENT	NO_NEW_RUNTIME_PROOF
25567	@gre@Cursed fang	FANG	15417	HISTORICAL_OR_OSRS_SPECIAL_LINEAGE_CANDIDATE	15415;15417	4037	R28_FAMILY_PLUS_CURRENT_NAMED_ASSET	CURRENT_NAMED_COMPONENT_SET_EXTRACTED	NO_NEW_RUNTIME_PROOF
25908	@gre@Dragon warhammer (wavetide)	DRAGON_WARHAMMER	1378	HISTORICAL_OR_OSRS_SPECIAL_LINEAGE_CANDIDATE			NONE	NO_NEW_STATIC_COMPONENT	NO_NEW_RUNTIME_PROOF
27155	@gre@Verdant pendant			UNKNOWN_SERVER_ONLY			NONE	NO_NEW_STATIC_COMPONENT	NO_NEW_RUNTIME_PROOF
27403	@gre@Verdant pendant (i)			UNKNOWN_SERVER_ONLY			NONE	NO_NEW_STATIC_COMPONENT	NO_NEW_RUNTIME_PROOF
27481	@gre@Shadowrend dagger	RAPIER_DAGGER		UNKNOWN_SERVER_ONLY		4098	DIRECT_CURRENT_NAME_MATCH	CURRENT_NAMED_COMPONENT_SET_EXTRACTED	NO_NEW_RUNTIME_PROOF
27557	@gre@Midnight hunllef pet			UNKNOWN_SERVER_ONLY			NONE	NO_NEW_STATIC_COMPONENT	NO_NEW_RUNTIME_PROOF
27928	@gre@Noxious halberd	HALBERD		UNKNOWN_SERVER_ONLY			NONE	NO_NEW_STATIC_COMPONENT	NO_NEW_RUNTIME_PROOF
28013	@gre@Dragon longsword (cr)	SWORD		UNKNOWN_SERVER_ONLY			NONE	NO_NEW_STATIC_COMPONENT	NO_NEW_RUNTIME_PROOF
28016	@gre@Dragon mace (cr)	MACE		UNKNOWN_SERVER_ONLY			NONE	NO_NEW_STATIC_COMPONENT	NO_NEW_RUNTIME_PROOF
28048	@gre@Gladiator khopesh			UNKNOWN_SERVER_ONLY	15677;15678;15680	4124;4127	DIRECT_CURRENT_NAME_MATCH	CURRENT_NAMED_COMPONENT_SET_EXTRACTED	NO_NEW_RUNTIME_PROOF
28150	@gre@Festive korasi's sword	SWORD		UNKNOWN_SERVER_ONLY			NONE	NO_NEW_STATIC_COMPONENT	NO_NEW_RUNTIME_PROOF
28152	@gre@(Cosmetic) Candle dagger	DRAGON_DAGGER		UNKNOWN_SERVER_ONLY	15587	4111	DIRECT_CURRENT_NAME_MATCH	CURRENT_NAMED_COMPONENT_SET_EXTRACTED	NO_NEW_RUNTIME_PROOF
28176	@gre@Carrot sword	SWORD		UNKNOWN_SERVER_ONLY			NONE	NO_NEW_STATIC_COMPONENT	NO_NEW_RUNTIME_PROOF
28194	@gre@Cursed eclipse atlatl		15718	CURRENT_STATIC_CANDIDATE			NONE	NO_NEW_STATIC_COMPONENT	NO_NEW_RUNTIME_PROOF
28195	@gre@Cursed eclipse chestplate			UNKNOWN_SERVER_ONLY			NONE	NO_NEW_STATIC_COMPONENT	NO_NEW_RUNTIME_PROOF
28196	@gre@Cursed eclipse tassets			UNKNOWN_SERVER_ONLY			NONE	NO_NEW_STATIC_COMPONENT	NO_NEW_RUNTIME_PROOF
28197	@gre@Cursed eclipse helm			UNKNOWN_SERVER_ONLY			NONE	NO_NEW_STATIC_COMPONENT	NO_NEW_RUNTIME_PROOF
28516	@gre@Masori crossbow	CROSSBOW		UNKNOWN_SERVER_ONLY			NONE	NO_NEW_STATIC_COMPONENT	NO_NEW_RUNTIME_PROOF
28539	@gre@Tumeken's shadow (i)	TUMEKEN		UNKNOWN_SERVER_ONLY			NONE	NO_NEW_STATIC_COMPONENT	NO_NEW_RUNTIME_PROOF
28571	@gre@Balmung upgrade scroll			UNKNOWN_SERVER_ONLY			NONE	NO_NEW_STATIC_COMPONENT	NO_NEW_RUNTIME_PROOF
28584	@gre@Noxious halberd (i)	HALBERD		UNKNOWN_SERVER_ONLY			NONE	NO_NEW_STATIC_COMPONENT	NO_NEW_RUNTIME_PROOF
28596	@gre@Cursed vigour ring			UNKNOWN_SERVER_ONLY			NONE	NO_NEW_STATIC_COMPONENT	NO_NEW_RUNTIME_PROOF
28732	@gre@Gladiator dagger	RAPIER_DAGGER	15596	CURRENT_STATIC_CANDIDATE	15596	4112	DIRECT_CURRENT_NAME_MATCH	CURRENT_NAMED_COMPONENT_SET_EXTRACTED	NO_NEW_RUNTIME_PROOF
28733	@gre@Gladiator maul	ELDER_MAUL		UNKNOWN_SERVER_ONLY	15627		R28_FAMILY_PLUS_CURRENT_NAMED_ASSET	CURRENT_NAMED_COMPONENT_SET_EXTRACTED	NO_NEW_RUNTIME_PROOF
28808	@gre@Burning claws	CLAWS	15625	CURRENT_STATIC_PLUS_LINEAGE_CORROBORATED	15625		DIRECT_CURRENT_NAME_MATCH	CURRENT_NAMED_COMPONENT_SET_EXTRACTED	NO_NEW_RUNTIME_PROOF
28809	@gre@Emberlight	SWORD		UNKNOWN_SERVER_ONLY			NONE	NO_NEW_STATIC_COMPONENT	NO_NEW_RUNTIME_PROOF
28810	@gre@Scorching bow	SCORCHING_CONFLICT		UNKNOWN_SERVER_ONLY			NONE	NO_NEW_STATIC_COMPONENT	NO_NEW_RUNTIME_PROOF
28841	@gre@Cursed balmung	SWORD		UNKNOWN_SERVER_ONLY			NONE	NO_NEW_STATIC_COMPONENT	NO_NEW_RUNTIME_PROOF
28890	@gre@Magma geyser titan pet			UNKNOWN_SERVER_ONLY			NONE	NO_NEW_STATIC_COMPONENT	NO_NEW_RUNTIME_PROOF
28891	@gre@Molten geyser titan pet			UNKNOWN_SERVER_ONLY			NONE	NO_NEW_STATIC_COMPONENT	NO_NEW_RUNTIME_PROOF
