component_id	size	min_rx	max_rx	min_ry	max_ry	region_ids
0	794	26	60	39	87	6738 6991 6992 6993 6994 6995 7236 7243 7244 7247 7248 7249 7250 7492 7496 7499 7500 7501 7502 7503 7504 7505 7748 7749 7752 7753 7754 7755 7756 7757 7758 7759 7760 8004 8005 8006 8008 8009 8010 8011 8012 8013 8014 8015 8240 8241 8242 8243 8249 8250 8251 8252 8253 8254 8255 8256 8260 8261 8262 8263 8264 8265 8266 8267 8269 8270 8271 8272 8496 8497 8498 8499 8505 8506 8507 8508 8509 8510 8511 8512 8513 8514 8515 8518 8519 8520 8523 8524 8525 8526 8527 8528 8529 8530 8534 8751 8752 8753 8754 8755 8761 8762 8763 8764 8767 8768 8769 8770 8771 8774 8775 8776 8777 8778 8779 8781 8782 8783 8784 8785 8790 9007 9008 9009 9010 9011 9012 9017 9018 9019 9020 9021 9022 9023 9024 9025 9026 9027 9032 9033 9034 9035 9038 9044 9045 9046 9262 9263 9264 9265 9266 9267 9268 9269 9270 9271 9272 9273 9274 9275 9276 9277 9278 9279 9280 9287 9288 9289 9290 9293 9294 9295 9297 9300 9518 9519 9521 9522 9523 9524 9525 9526 9527 9528 9530 9531 9532 9533 9534 9535 9536 9543 9544 9545 9546 9547 9549 9550 9551 9552 9553 9556 9558 9772 9773 9774 9775 9776 9777 9778 9779 9780 9781 9782 9783 9784 9785 9786 9787 9788 9789 9790 9791 9792 9799 9800 9801 9802 9803 9804 9805 9806 9808 9809 9810 9811 9812 9814 10023 10024 10025 10026 10027 10028 10029 10030 10031 10032 10033 10034 10035 10036 10037 10038 10039 10040 10041 10042 10043 10044 10045 10046 10047 10048 10055 10056 10057 10058 10059 10061 10062 10064 10065 10066 10068 10069 10070 10071 10279 10280 10281 10282 10283 10284 10285 10286 10287 10288 10289 10290 10291 10292 10293 10294 10295 10296 10297 10298 10299 10300 10301 10302 10304 10305 10309 10310 10311 10312 10313 10314 10315 10317 10318 10321 10322 10324 10326 10535 10536 10537 10538 10539 10540 10541 10542 10543 10544 10545 10546 10547 10548 10549 10550 10551 10552 10553 10554 10555 10556 10557 10558 10559 10560 10564 10566 10567 10568 10569 10570 10571 10572 10574 10575 10577 10578 10579 10791 10792 10793 10794 10795 10796 10797 10798 10799 10800 10801 10802 10803 10804 10805 10806 10807 10808 10809 10810 10811 10812 10813 10814 10815 10816 10819 10820 10821 10822 10823 10824 10825 10826 10827 10828 10830 10831 10832 10833 10834 10835 10836 11047 11048 11049 11050 11051 11052 11053 11054 11055 11056 11057 11058 11059 11060 11061 11062 11063 11064 11065 11066 11067 11068 11069 11070 11071 11072 11074 11075 11076 11077 11078 11079 11080 11081 11082 11083 11088 11090 11091 11303 11304 11305 11306 11307 11308 11309 11310 11311 11312 11313 11314 11315 11316 11317 11318 11319 11320 11321 11322 11323 11326 11327 11328 11329 11331 11332 11335 11339 11343 11347 11559 11560 11561 11562 11563 11564 11565 11566 11567 11568 11569 11570 11571 11572 11573 11574 11575 11576 11577 11578 11579 11582 11583 11584 11585 11586 11587 11588 11589 11591 11593 11594 11595 11599 11603 11815 11816 11817 11818 11819 11820 11821 11822 11823 11824 11825 11826 11827 11828 11829 11830 11831 11832 11833 11834 11835 11836 11837 11838 11839 11840 11841 11842 11843 11844 11851 11854 11855 12071 12072 12073 12074 12075 12076 12077 12078 12079 12080 12081 12082 12083 12084 12085 12086 12087 12088 12089 12090 12091 12092 12093 12094 12095 12096 12097 12100 12105 12106 12107 12108 12109 12110 12111 12333 12334 12335 12336 12337 12338 12339 12340 12341 12342 12343 12344 12345 12346 12347 12348 12349 12350 12351 12352 12353 12354 12356 12589 12590 12591 12592 12593 12594 12595 12596 12597 12598 12599 12600 12601 12602 12603 12604 12605 12606 12607 12608 12609 12611 12612 12613 12614 12615 12616 12617 12843 12844 12845 12846 12847 12848 12849 12850 12851 12852 12853 12854 12855 12856 12857 12858 12859 12860 12861 12862 12863 12864 12865 12866 12867 12869 12870 13099 13100 13101 13102 13103 13104 13105 13106 13107 13108 13109 13110 13111 13112 13113 13114 13115 13116 13117 13118 13119 13120 13121 13122 13124 13125 13126 13354 13355 13356 13357 13358 13359 13360 13361 13362 13363 13364 13365 13366 13367 13368 13369 13370 13371 13372 13373 13374 13375 13376 13610 13611 13612 13613 13614 13615 13616 13617 13618 13619 13620 13621 13622 13623 13624 13625 13626 13627 13628 13629 13630 13631 13632 13866 13867 13868 13872 13873 13874 13875 13876 13877 13878 13879 13880 14128 14129 14130 14131 14132 14133 14134 14135 14136 14379 14380 14381 14382 14383 14384 14385 14386 14387 14388 14390 14391 14392 14635 14636 14637 14638 14639 14640 14641 14646 14647 14648 14891 14892 14893 14894 14895 14896 14902 14903 14904 15147 15148 15149 15150 15151 15152 15158 15159 15160 15403 15404 15405 15406 15407 15408 15414 15415 15416
1	248	35	57	141	160	9113 9114 9364 9365 9366 9368 9369 9370 9371 9372 9620 9621 9622 9623 9624 9625 9626 9874 9875 9876 9877 9878 9879 9880 9881 9882 9883 10129 10130 10131 10132 10133 10134 10135 10136 10137 10138 10139 10140 10386 10387 10388 10389 10390 10391 10392 10393 10394 10395 10396 10638 10639 10640 10642 10644 10645 10646 10647 10648 10649 10650 10652 10653 10893 10894 10895 10896 10897 10898 10899 10900 10901 10902 10903 10904 10905 10906 10907 10908 10909 10910 10911 11149 11150 11151 11152 11153 11154 11155 11156 11157 11158 11161 11162 11163 11164 11165 11166 11167 11406 11409 11410 11412 11413 11414 11415 11416 11417 11418 11419 11420 11421 11422 11423 11424 11664 11665 11666 11667 11668 11669 11670 11671 11672 11673 11674 11675 11676 11677 11678 11679 11680 11920 11921 11922 11924 11925 11926 11928 11929 11930 11934 11935 12180 12181 12182 12184 12185 12186 12187 12188 12189 12433 12434 12436 12437 12438 12439 12440 12441 12442 12443 12444 12688 12689 12690 12691 12693 12694 12696 12697 12698 12699 12700 12701 12702 12703 12944 12945 12946 12947 12948 12949 12950 12951 12952 12953 12954 12955 12956 12957 12958 12959 13199 13200 13201 13202 13203 13205 13206 13209 13210 13211 13456 13457 13458 13459 13460 13461 13462 13463 13464 13465 13466 13712 13713 13716 13717 13718 13719 13720 13721 13722 13723 13968 13972 13974 13975 13976 13977 13978 13979 13980 14230 14231 14232 14233 14234 14235 14236 14486 14487 14488 14490 14491 14492 14746 14747
2	76	41	55	81	92	10583 10838 10839 10840 10841 10842 11093 11094 11095 11096 11097 11098 11350 11351 11352 11353 11354 11605 11606 11608 11609 11862 11863 11864 11865 11866 12117 12118 12119 12120 12121 12122 12374 12376 12377 12378 12627 12628 12629 12630 12631 12884 12885 12886 12887 12888 12889 12890 13137 13138 13139 13140 13141 13142 13143 13144 13145 13146 13393 13394 13395 13396 13397 13400 13401 13402 13650 13658 13659 13660 13913 13914 13915 13916 14169 14170
3	18	51	55	73	79	13130 13131 13386 13387 13641 13642 13643 13644 13645 13646 13647 13897 13898 13899 13900 14155 14156 14157
4	10	29	31	83	87	7507 7508 7509 7510 7511 7763 8019 8020 8021 8022
5	9	35	37	88	90	9048 9049 9050 9304 9305 9306 9560 9561 9562
6	8	36	38	66	69	9285 9538 9539 9540 9541 9794 9796 9797
7	8	63	63	46	53	16174 16175 16176 16177 16178 16179 16180 16181
8	7	25	27	87	89	6487 6488 6489 6743 6744 6745 7001
9	7	47	49	77	81	12113 12369 12621 12622 12623 12624 12625
10	6	39	40	89	91	10073 10074 10075 10329 10330 10331
11	5	63	64	61	63	16189 16190 16191 16446 16447
12	4	29	31	89	90	7513 7514 7769 8025
13	3	30	31	65	66	7745 8001 8002
14	3	43	45	77	77	11085 11341 11597
15	3	46	47	160	161	11937 12192 12193
16	3	51	51	77	79	13133 13134 13135
17	3	58	59	146	147	14994 14995 15251
18	2	25	26	75	75	6475 6731
19	2	26	26	69	70	6725 6726
20	2	28	29	66	66	7234 7490
21	2	28	29	70	70	7238 7494
22	2	37	37	159	160	9631 9632
23	2	38	39	158	158	9886 10142
24	2	39	40	160	160	10144 10400
25	2	44	45	92	92	11356 11612
26	2	25	25	80	81	6480 6481
27	2	22	22	139	140	5771 5772
28	1	24	24	90	90	6234
29	1	25	25	73	73	6473
30	1	25	25	83	83	6483
31	1	26	26	66	66	6722
32	1	26	26	85	85	6741
33	1	27	27	73	73	6985
34	1	27	27	77	77	6989
35	1	31	31	81	81	8017
36	1	32	32	88	88	8280
37	1	32	32	90	90	8282
38	1	33	33	84	84	8532
39	1	34	34	83	83	8787
40	1	36	36	146	146	9362
41	1	36	36	161	161	9377
42	1	26	26	154	154	6810
43	1	40	40	67	67	10307
44	1	41	41	162	162	10658
45	1	47	47	70	70	12102
46	1	47	47	83	83	12115
47	1	45	45	81	81	11601
48	1	49	49	75	75	12619
49	1	53	53	71	71	13639
50	1	55	55	87	87	14167
51	1	59	59	144	144	15248
52	1	59	59	155	155	15259
53	1	58	58	79	79	14927
54	1	23	23	68	68	5956
55	1	46	46	101	101	11877
56	1	63	63	40	40	16168
57	1	63	63	42	42	16170
58	1	63	63	44	44	16172
59	1	62	62	39	39	15911
60	1	63	63	55	55	16183
61	1	63	63	57	57	16185
62	1	63	63	59	59	16187
63	1	63	63	65	65	16193
64	1	63	63	98	98	16226
65	1	63	63	96	96	16224
66	1	63	63	100	100	16228
67	1	63	63	102	102	16230
68	1	63	63	104	104	16232
69	1	63	63	106	106	16234
70	1	63	63	108	108	16236
71	1	63	63	110	110	16238
