opcode,known_semantic
0,
2,
3,
4,
6,
14,
16,
17,
18,
21,
23,
25,
35,
36,
39,
40,
41,
43,
53,
57,
60,
70,
72,
73,
74,
75,
77,
78,
79,
85,
86,
87,
95,
98,alternate movement
101,
103,command text
109,
117,
120,
121,
122,
126,
128,
129,
130,
131,
132,
133,
135,
136,
139,
140,
141,
145,
148,
150,
152,
153,
155,
156,
164,normal walking
176,
181,
183,
185,widget/action; immediate post-login widget 912
188,
189,
192,
200,
202,
208,
210,
214,
215,
218,
226,
228,
230,
234,
236,
237,
246,
248,alternate movement
249,
252,
253,
