sceneObjectId	displayName	sizeX	sizeY	movementClipFlag_aj	projectileClipFlag_ab	floorDecorationQualifier_ar	definitionAnimationId	provenance
61	Chaos altar	2	1	true	true	true	-1	V906_OBJECT_DEFINITION_CURRENT_CLIENT
153	Fountain	2	2	true	true	true	-1	V906_OBJECT_DEFINITION_CURRENT_CLIENT
2470	Portal	1	1	true	true	true	504	V906_OBJECT_DEFINITION_CURRENT_CLIENT
2473	Portal	1	1	true	true	true	504	V906_OBJECT_DEFINITION_CURRENT_CLIENT
2474	Portal	1	1	true	true	true	504	V906_OBJECT_DEFINITION_CURRENT_CLIENT
2475	Portal	1	1	true	true	true	504	V906_OBJECT_DEFINITION_CURRENT_CLIENT
2654	Sinclair family fountain	2	2	true	true	true	6023	V906_OBJECT_DEFINITION_CURRENT_CLIENT
2879	Sparkling pool	3	3	true	true	true	-1	V906_OBJECT_DEFINITION_CURRENT_CLIENT
3192	Scoreboard	2	3	true	true	true	-1	V906_OBJECT_DEFINITION_CURRENT_CLIENT
4470	Energy Barrier	1	1	true	true	true	1433	V906_OBJECT_DEFINITION_CURRENT_CLIENT
4483	Bank chest	1	1	true	true	true	-1	V906_OBJECT_DEFINITION_CURRENT_CLIENT
6552	Altar	3	1	true	true	true	-1	V906_OBJECT_DEFINITION_CURRENT_CLIENT
7092	Telescope	1	1	true	true	true	-1	V906_OBJECT_DEFINITION_CURRENT_CLIENT
10716		1	1	true	true	false	3022	V906_OBJECT_DEFINITION_CURRENT_CLIENT
10997	Pedestal	1	1	true	true	true	-1	V906_OBJECT_DEFINITION_CURRENT_CLIENT
12110	G.A.G. banner	1	1	true	true	true	-1	V906_OBJECT_DEFINITION_CURRENT_CLIENT
13291	Magic chest	1	1	true	true	true	3117	V906_OBJECT_DEFINITION_CURRENT_CLIENT
15477	Portal	5	2	true	true	true	3174	V906_OBJECT_DEFINITION_CURRENT_CLIENT
21465	Torch	1	1	true	true	true	-1	V906_OBJECT_DEFINITION_CURRENT_CLIENT
