path,sha256,size_bytes
00_READ_ME_FIRST.md,22f4fcbc63dcf3f4b5bc845affe934191a1b918eac3a9ea6fb56948918186b39,1137
01_R5_OPERATION_CLOSURES.md,ff8723816169f79c42965f6b8185b283d358a03993c30821a78f7f7cfc7539e8,796
02_ITEM_LIST_EXACT_PROTOCOL.md,4dd54382a59ab63f709137eb0eb13d0f618cc4d806b595aa77b60f9a638eaafb,1451
03_EVENT_TASK_AND_ACTIVE_EVENTS.md,ced8f14628dcdc692bd54faebbf80ee2e5709f9f4ef2a4e2fba8665b0517f672,1501
04_WORLD_OVERRIDE_AND_POLYGON.md,43aaf44908879cc39b1db0d14c57aa44e700fc0f2b56146bf7ad7897d72464ef,1103
05_HUNGER_GAMES_MATCH_UI.md,7c84c95a0ab3cab4020a30957a1d1be57f364ff3bf2386a2d5ee37fac5b88247,1313
06_SELECTION_AND_RECEIVER_CONTROL.md,be7924910c9d075842112f81db567280ad1fd3c322b48e2a4b1d2d3808622b34,1011
07_C2S_CONTROL_CORRELATION.md,30bcad418153546207e3887a025cc79b10f2d65616130190525322c99dc3bc29,1015
08_STATIC_BOUNDARIES_AND_NEXT.md,8f2216324fb4764d51e0284bad630de3154f306629b9ae015a0c2601fde39365,1147
09_SOURCE_PROVENANCE.md,3de78ee009929de29944b0305024589dd9c7c3732e4f69021c919694035cee2d,453
R4_BASE/00_READ_ME_FIRST.md,96c71a1bfa32890e61158edf480cd8dd580ff80d2c6a3c182890d3971d31fc93,874
R4_BASE/01_S2C250_APPLICATION_BUS.md,a3f60982039c282bbc0b03470950f3c77af1b910fd7f3f3979b868dd26fa58c7,631
R4_BASE/02_MAILBOX_EXACT_PROTOCOL.md,8f30065ab41c7b81589e54aca1e88079f06cff74b73d661b0e25269d8632cd88,1200
R4_BASE/03_TRADEPOST_LISTING_PROTOCOL.md,62b134e283c928cadbc26b6f35ce764334581576b08772cdfe7c92ad7b48fca2,869
R4_BASE/04_MAKE_X_PROTOCOL.md,33c72181ff7ef36c802121cbab2505c6eaacd136e91cd46483c9d6ba2e9742e4,658
R4_BASE/05_CHAPTER_SHOP_DIALOG_PROTOCOLS.md,c67a34e2e9d572ae38dbd4911ba12a55098def696d0694b726c4c0701a6143d3,1037
R4_BASE/06_DYNAMIC_WIDGET_ACTIONS.md,bd0b6d5e8436e76a95cd241f4d9bfd0edb3d74a539a04b6c9c61f22b18adbbe3,595
R4_BASE/07_RAID_UI_OPERATIONAL_PROTOCOL.md,ca96278731140c03b41e39ab834eb7e1d313a9b56fe672baea7250ce27545fa2,868
R4_BASE/08_CUSTOM_MAGIC_AND_RUNTIME_STATE.md,f0341b6818d5c54683edcde514b9c0e589edc0ac35ecc21a394d156277acd4a4,757
R4_BASE/09_NORMAL_WIDGET_CONTAINER_PATHS.md,2a06d7deb0b46831a5d9dcc294b389e54f87dc0d3a542eb981f4ced93dc7c2f1,700
R4_BASE/10_STATIC_BOUNDARIES_AND_NEXT.md,6d20d17288cbe85155c0428976b6f5344e3959de66b19b5f10f3586d2f89a1fb,1272
R4_BASE/11_SOURCE_PROVENANCE.md,76f0bf21620b2329fa50805d7180e0c4836f99b2c4db3de2abb459cfce40d729,541
R4_BASE/SHA256SUMS.csv,7bc45d828339cad8119b7579004903e7750e0574fccfb908283cc93b1a6992f9,3724
R4_BASE/evidence/17_rs_n_c_aP.javap.txt,edeaa2c4af9398c8faa148ac26840fdda8942c274d9e4f3e5d586db6fc580b0b,1653
R4_BASE/evidence/22_rs_n_c_d.javap.txt,a3dd29713d2f952accdad4b8ff551c9449b06b7aeb8537d4711981ebac76cbbd,11741
R4_BASE/evidence/28_rs_n_c_B.javap.txt,57319114f269189177b637f600c6bc11c2569d96300b6ac5080e33d1919ac25c,2399
R4_BASE/evidence/30_rs_s_t_j.javap.txt,62f79c8252c5e9ead6d3c59ff67b39b7583d5089c5f9b67a2162ff07a2360a25,2981
R4_BASE/evidence/31_rs_n_c_c_e.javap.txt,fea33dac585ba70d4ac53fd67d2c6aaccf2fb89ea30eb1d0dc6f1242c6774726,5610
R4_BASE/evidence/32_rs_q_a_a_a_a.javap.txt,b8a4c0ceaca5a624b877db32df8e3e064fa29b4ecea1e7b538ad8804c9880ffd,8251
R4_BASE/evidence/35_rs_n_c_ar.javap.txt,918ec4449b7aecdc128219926eacdfa00b12b04dc9f9dcd3500a9dac60b76fd1,20766
R4_BASE/evidence/37_rs_q_a_a_a_f.javap.txt,71dd474b53a0c0087107aa1961d53a2541d7ddd5e2ae3a96e0cfc6cb176f1f23,3950
R4_BASE/evidence/39_rs_q_a_a_a_g.javap.txt,bcbfb9e1752089215a081557dede11c0671166d062bf97a333de896aad111d16,1244
R4_BASE/evidence/40_rs_q_a_a_a_b.javap.txt,b253b7858bb18f44cd99c0315b4ad1fe15d5495bb7990233b539dc12e2047ae9,3768
R4_BASE/evidence/41_rs_n_c_d_d.javap.txt,4c57e15772a4c645c1256093f46c25ab94f2023ae9888f39772f18cbe6ce566f,13425
R4_BASE/evidence/41_rs_n_c_d_d.verbose.txt,f9e89b9abe3400f0f824af9f627607b442d9a8ccfc5ec6dccbbcf685c02fcc88,29907
R4_BASE/evidence/42_rs_q_a_a_a_i.javap.txt,f3062739c9fbd3e14d4c8aeae33b022f60f594ce207f74af6f431d7d8bb44fb6,3656
R4_BASE/evidence/43_rs_q_a_a_a_j.javap.txt,fd99d7195e38b9ec9d82a00ba5f57332ee67b81a69e1e5c394ff1943211a462a,1678
R4_BASE/evidence/rs_n_c_A.javap.txt,ac7f5bef0fb8ccaae4f567652326b51eb4be72731a8f49df21887c7b04eaf757,19315
R4_BASE/evidence/rs_n_c_aO.javap.txt,434279a189e0919fa5c80715d1a6ae8a5c224c36dd5786875c4636e775b9e5a8,17060
R4_BASE/evidence/rs_n_c_c_a.javap.txt,7b78a4c3b212ccff71552fecf22eeba9cea32e2ef40b909f6b0bcdfee89d1af2,19694
R4_BASE/evidence/rs_n_c_c_b$a.javap.txt,dd469c6ee3b97c8d4b56e9b77afdfaba355484639aa55977a05c706172a4de04,2650
R4_BASE/evidence/rs_n_c_c_c$a.javap.txt,38bf3e5fab45337718a03e11f41e6a77a84543f3bfe5b681057c10c108ceb217,2768
R4_BASE/evidence/rs_n_c_d_c.javap.txt,edf1c83841866a81e8bc68f61b2084e943e46b3223808e2e2082c2077bf3ba06,50738
R4_BASE/evidence/rs_n_c_d_f.javap.txt,4e63c9dcea971ee557adb30984968384477b94c2c58d0d6df00150e3929f64c7,13363
R4_BASE/tables/mailbox_widget_contract.csv,608337012aa7efc4ed6881ba4113caf9cece368a548649439691fdef1c09708a,746
R4_BASE/tables/s2c250_application_index.csv,922b943c672680a3c57c0ced231fa73478b414607ea00de685c6705af7359181,6160
R4_BASE/tables/s2c250_operation_grammars.csv,fb674393eddcf08a3b29d8cfa36ff05e2da902a4928c941f36e754a5f02c2bb2,7961
evidence/10_rs_n_c_b_d.javap.txt,59e3e13961d040d3c0ce18651fc3e736017b36f27dd89717f16d303db1aaf960,13653
evidence/10_rs_n_c_b_d.verbose.txt,b7906995bd6a0e3e986fc922bd81f12f5ebebc77eeb0fcb3d266fcb84d64a9cd,30708
evidence/12_rs_l_e_p.javap.txt,91eaea40eb99b64d8c082af1879db4aa76bc0011c2e0cc59a09bd107531ac8bb,3215
evidence/13_rs_n_c_P.javap.txt,31e3e97833c3eae895185b5fbd5e21162036b857fb40b535747e78a09f838ac8,3550
evidence/14_rs_q_a_a_a_h.javap.txt,2179d797122c0bfec2f926d86b5fd22eeee906177fc4305d47ae9efc571cc663,11301
evidence/16_rs_n_c_aN.javap.txt,28ccfd9cd7aae2c382b9df2449bd0d1a30fd9af6053e652eee6044f1a6189f62,2559
evidence/1_rs_q_a_a_a_d.javap.txt,b5e5e4d6495a9b712feab7ee783a4c5a5bb8e8a2a1b837c7f14f4d9333f65ada,8337
evidence/1_rs_q_a_a_a_d.verbose.txt,d82cde151590165c462aa613309b39d5ba59d8a1376b34f4ca659cd659e9d13e,20897
evidence/20_rs_q_b_e.javap.txt,b4bd5745df3d97d92112e0aeae50823f81f1207241fc4041af2fd486a7036c06,716
evidence/2_rs_q_a_a_a_k.javap.txt,278accc21e8103b4421d9feaae09cb182e83f080f58018ee739c3106d4e0755e,7760
evidence/rs_l_b_d.javap.txt,21256771092df9f37ffe614b3cbbcb2e7985dba764705cd6706ab5c4c4e86b97,197211
evidence/rs_l_e_a_o.javap.txt,4f26d960cda419146dbd2ae5421096e0ed8c334ce1aa3fbfe50ca2cf63e24ba7,29697
evidence/rs_n_a_c.javap.txt,ae9be5041c0c14032a9c7e59eaa7f5a55770bbec57b578f1957c3178432e1305,5366
evidence/rs_n_c_O.javap.txt,ef1b70414c54499bf09408ce4bd7b577041a94051105a4364a0a6e51f8cfeff4,24743
evidence/rs_n_c_Q.javap.txt,844641f72a99053e80199369afe84330ee85b62d20ee013d5a2b472526e4012c,8201
evidence/rs_n_c_aM.javap.txt,a5bd2e403842ca0dbc92ef40d21a0dd4626a8fb5ceb0e1affc2a8558fd8b8551,7242
evidence/rs_n_c_ac.javap.txt,2ae51cbfb3e4195e21647c222640cfbc2c7ead7f3f5813bfd9976859a10e6160,59175
evidence/rs_q_b_d.javap.txt,9edf889d1b3914f9c0dc14a1908d1f9d16cdca4f7241ca16177c61755c687c6d,13445
tables/item_list_widget_contract.csv,fe068935c76ab9bea13c5fbc55e0595e8e50e2443b6c27636619d4487a789ee3,897
tables/s2c250_application_index_r5.csv,4a1de5d119d31388592bd6113fc84b4062f6e073a44d4a9deed5691de2150f59,6147
tables/s2c250_operation_grammars_r5_additions.csv,530a481e5c4635a2745dd60bc0e7a3bc7d2e347878e5e4e1534577b6e7f34d5c,5206
