path,sha256,bytes
00_READ_ME_FIRST.md,96c71a1bfa32890e61158edf480cd8dd580ff80d2c6a3c182890d3971d31fc93,874
01_S2C250_APPLICATION_BUS.md,a3f60982039c282bbc0b03470950f3c77af1b910fd7f3f3979b868dd26fa58c7,631
02_MAILBOX_EXACT_PROTOCOL.md,8f30065ab41c7b81589e54aca1e88079f06cff74b73d661b0e25269d8632cd88,1200
03_TRADEPOST_LISTING_PROTOCOL.md,62b134e283c928cadbc26b6f35ce764334581576b08772cdfe7c92ad7b48fca2,869
04_MAKE_X_PROTOCOL.md,33c72181ff7ef36c802121cbab2505c6eaacd136e91cd46483c9d6ba2e9742e4,658
05_CHAPTER_SHOP_DIALOG_PROTOCOLS.md,c67a34e2e9d572ae38dbd4911ba12a55098def696d0694b726c4c0701a6143d3,1037
06_DYNAMIC_WIDGET_ACTIONS.md,bd0b6d5e8436e76a95cd241f4d9bfd0edb3d74a539a04b6c9c61f22b18adbbe3,595
07_RAID_UI_OPERATIONAL_PROTOCOL.md,ca96278731140c03b41e39ab834eb7e1d313a9b56fe672baea7250ce27545fa2,868
08_CUSTOM_MAGIC_AND_RUNTIME_STATE.md,f0341b6818d5c54683edcde514b9c0e589edc0ac35ecc21a394d156277acd4a4,757
09_NORMAL_WIDGET_CONTAINER_PATHS.md,2a06d7deb0b46831a5d9dcc294b389e54f87dc0d3a542eb981f4ced93dc7c2f1,700
10_STATIC_BOUNDARIES_AND_NEXT.md,6d20d17288cbe85155c0428976b6f5344e3959de66b19b5f10f3586d2f89a1fb,1272
11_SOURCE_PROVENANCE.md,76f0bf21620b2329fa50805d7180e0c4836f99b2c4db3de2abb459cfce40d729,541
evidence/17_rs_n_c_aP.javap.txt,edeaa2c4af9398c8faa148ac26840fdda8942c274d9e4f3e5d586db6fc580b0b,1653
evidence/22_rs_n_c_d.javap.txt,a3dd29713d2f952accdad4b8ff551c9449b06b7aeb8537d4711981ebac76cbbd,11741
evidence/28_rs_n_c_B.javap.txt,57319114f269189177b637f600c6bc11c2569d96300b6ac5080e33d1919ac25c,2399
evidence/30_rs_s_t_j.javap.txt,62f79c8252c5e9ead6d3c59ff67b39b7583d5089c5f9b67a2162ff07a2360a25,2981
evidence/31_rs_n_c_c_e.javap.txt,fea33dac585ba70d4ac53fd67d2c6aaccf2fb89ea30eb1d0dc6f1242c6774726,5610
evidence/32_rs_q_a_a_a_a.javap.txt,b8a4c0ceaca5a624b877db32df8e3e064fa29b4ecea1e7b538ad8804c9880ffd,8251
evidence/35_rs_n_c_ar.javap.txt,918ec4449b7aecdc128219926eacdfa00b12b04dc9f9dcd3500a9dac60b76fd1,20766
evidence/37_rs_q_a_a_a_f.javap.txt,71dd474b53a0c0087107aa1961d53a2541d7ddd5e2ae3a96e0cfc6cb176f1f23,3950
evidence/39_rs_q_a_a_a_g.javap.txt,bcbfb9e1752089215a081557dede11c0671166d062bf97a333de896aad111d16,1244
evidence/40_rs_q_a_a_a_b.javap.txt,b253b7858bb18f44cd99c0315b4ad1fe15d5495bb7990233b539dc12e2047ae9,3768
evidence/41_rs_n_c_d_d.javap.txt,4c57e15772a4c645c1256093f46c25ab94f2023ae9888f39772f18cbe6ce566f,13425
evidence/41_rs_n_c_d_d.verbose.txt,f9e89b9abe3400f0f824af9f627607b442d9a8ccfc5ec6dccbbcf685c02fcc88,29907
evidence/42_rs_q_a_a_a_i.javap.txt,f3062739c9fbd3e14d4c8aeae33b022f60f594ce207f74af6f431d7d8bb44fb6,3656
evidence/43_rs_q_a_a_a_j.javap.txt,fd99d7195e38b9ec9d82a00ba5f57332ee67b81a69e1e5c394ff1943211a462a,1678
evidence/rs_n_c_A.javap.txt,ac7f5bef0fb8ccaae4f567652326b51eb4be72731a8f49df21887c7b04eaf757,19315
evidence/rs_n_c_aO.javap.txt,434279a189e0919fa5c80715d1a6ae8a5c224c36dd5786875c4636e775b9e5a8,17060
evidence/rs_n_c_c_a.javap.txt,7b78a4c3b212ccff71552fecf22eeba9cea32e2ef40b909f6b0bcdfee89d1af2,19694
evidence/rs_n_c_c_b$a.javap.txt,dd469c6ee3b97c8d4b56e9b77afdfaba355484639aa55977a05c706172a4de04,2650
evidence/rs_n_c_c_c$a.javap.txt,38bf3e5fab45337718a03e11f41e6a77a84543f3bfe5b681057c10c108ceb217,2768
evidence/rs_n_c_d_c.javap.txt,edf1c83841866a81e8bc68f61b2084e943e46b3223808e2e2082c2077bf3ba06,50738
evidence/rs_n_c_d_f.javap.txt,4e63c9dcea971ee557adb30984968384477b94c2c58d0d6df00150e3929f64c7,13363
tables/mailbox_widget_contract.csv,608337012aa7efc4ed6881ba4113caf9cece368a548649439691fdef1c09708a,746
tables/s2c250_application_index.csv,922b943c672680a3c57c0ced231fa73478b414607ea00de685c6705af7359181,6160
tables/s2c250_operation_grammars.csv,fb674393eddcf08a3b29d8cfa36ff05e2da902a4928c941f36e754a5f02c2bb2,7961
