field	count	value_types	category	loader_status	notes
name	5064	str	IDENTITY_CLONE_TEMPLATE	RECOGNIZED_ACTIVE_OR_ALIAS	
clone	2714	int	IDENTITY_CLONE_TEMPLATE	RECOGNIZED_PREPASS_CLONE_CONTROL	definition source resolved before ordinary field loop
destColors	2025	NoneType/list	COLOUR_TEXTURE	RECOGNIZED_ACTIVE_OR_ALIAS	
srcColors	2021	NoneType/list	COLOUR_TEXTURE	RECOGNIZED_ACTIVE_OR_ALIAS	
actions	1996	list	INTERACTION_POLICY	RECOGNIZED_ACTIVE_OR_ALIAS	
tradeable	1479	bool	INTERACTION_POLICY	RECOGNIZED_POLICY_NOOP	exact loader recognizes key but does not enforce gameplay policy
modelId	1300	int	INVENTORY_MODEL_PRESENTATION	RECOGNIZED_ACTIVE_OR_ALIAS	
zoom	1253	int	INVENTORY_MODEL_PRESENTATION	RECOGNIZED_ACTIVE_OR_ALIAS	
rotations	1237	list	INVENTORY_MODEL_PRESENTATION	RECOGNIZED_ACTIVE_OR_ALIAS	
offsets	1202	list	INVENTORY_MODEL_PRESENTATION	RECOGNIZED_ACTIVE_OR_ALIAS	
femaleModels	928	list	WEARABLE_MODEL_PRESENTATION	RECOGNIZED_ACTIVE_OR_ALIAS	
maleModels	928	list	WEARABLE_MODEL_PRESENTATION	RECOGNIZED_ACTIVE_OR_ALIAS	
retextures	598	list	COLOUR_TEXTURE	RECOGNIZED_ACTIVE_OR_ALIAS	
osrs	453	bool	IDENTITY_CLONE_TEMPLATE	RECOGNIZED_ACTIVE_OR_ALIAS	
stackable	388	bool	INTERACTION_POLICY	RECOGNIZED_ACTIVE_OR_ALIAS	
textureInvAnim	378	bool	INVENTORY_MODEL_PRESENTATION	RECOGNIZED_ACTIVE_OR_ALIAS	
hover	334	str	HOVER_TEXT	RECOGNIZED_ACTIVE_OR_ALIAS	
note	270	int	IDENTITY_CLONE_TEMPLATE	RECOGNIZED_ACTIVE_OR_ALIAS	
fullTexture	248	int	INVENTORY_MODEL_PRESENTATION	RECOGNIZED_ACTIVE_OR_ALIAS	
equipClone	213	int	IDENTITY_CLONE_TEMPLATE	RECOGNIZED_NOOP_CLIENT	present in exact cache; no clone pre-pass and switch branch is no-op
ambient	120	int	INVENTORY_MODEL_PRESENTATION	RECOGNIZED_ACTIVE_OR_ALIAS	
femaleOffsets	120	list	WEARABLE_MODEL_PRESENTATION	RECOGNIZED_ACTIVE_OR_ALIAS	
broken	113	bool	INTERACTION_POLICY	RECOGNIZED_ACTIVE_OR_ALIAS	active client presentation: broken state forces final inventory action Destroy
zan2d	101	int	INVENTORY_MODEL_PRESENTATION	RECOGNIZED_ACTIVE_OR_ALIAS	
icon	92	int	ICON_PRESENTATION	RECOGNIZED_ACTIVE_OR_ALIAS	
maleOffsets	88	list	WEARABLE_MODEL_PRESENTATION	RECOGNIZED_ACTIVE_OR_ALIAS	
iconX	83	int	ICON_PRESENTATION	RECOGNIZED_ACTIVE_OR_ALIAS	
contrast	74	int	INVENTORY_MODEL_PRESENTATION	RECOGNIZED_ACTIVE_OR_ALIAS	
iconY	71	int	ICON_PRESENTATION	RECOGNIZED_ACTIVE_OR_ALIAS	
resize	61	list	INVENTORY_MODEL_PRESENTATION	RECOGNIZED_ACTIVE_OR_ALIAS	
autokeep	56	bool	INTERACTION_POLICY	RECOGNIZED_POLICY_NOOP	exact loader recognizes key but does not enforce gameplay policy
fullClone	43	int	IDENTITY_CLONE_TEMPLATE	RECOGNIZED_PREPASS_CLONE_CONTROL	definition source pre-pass; also participates in hover inheritance
recolors	30	list	COLOUR_TEXTURE	RECOGNIZED_ACTIVE_OR_ALIAS	
opacity	27	int	INVENTORY_MODEL_PRESENTATION	RECOGNIZED_ACTIVE_OR_ALIAS	
femaleOffsetY	21	int	WEARABLE_MODEL_PRESENTATION	RECOGNIZED_ACTIVE_OR_ALIAS	
destcolors	15	list	COLOUR_TEXTURE	RECOGNIZED_ACTIVE_OR_ALIAS	
stackAmounts	14	list	INTERACTION_POLICY	RECOGNIZED_ACTIVE_OR_ALIAS	
stackIds	14	list	INTERACTION_POLICY	RECOGNIZED_ACTIVE_OR_ALIAS	
beginnerGear	11	bool	INTERACTION_POLICY	RECOGNIZED_ACTIVE_OR_ALIAS	recognized flag; not a degradation flag
autolost	9	bool	INTERACTION_POLICY	RECOGNIZED_POLICY_NOOP	exact loader recognizes key but does not enforce gameplay policy
iconItem	9	int	ICON_PRESENTATION	RECOGNIZED_ACTIVE_OR_ALIAS	
reshade	8	int	INVENTORY_MODEL_PRESENTATION	RECOGNIZED_ACTIVE_OR_ALIAS	
autoloss	7	bool	INTERACTION_POLICY	RECOGNIZED_POLICY_NOOP	exact loader recognizes key but does not enforce gameplay policy
iconOffsets	7	list	ICON_PRESENTATION	RECOGNIZED_ACTIVE_OR_ALIAS	
bankable	6	bool	INTERACTION_POLICY	RECOGNIZED_POLICY_NOOP	exact loader recognizes key but does not enforce gameplay policy
droppable	5	bool	INTERACTION_POLICY	RECOGNIZED_POLICY_NOOP	exact loader recognizes key but does not enforce gameplay policy
disableInventoryHover	4	bool	INTERACTION_POLICY	RECOGNIZED_ACTIVE_OR_ALIAS	
maleOffsetY	4	int	WEARABLE_MODEL_PRESENTATION	RECOGNIZED_ACTIVE_OR_ALIAS	
autobankable	3	bool	INTERACTION_POLICY	RECOGNIZED_POLICY_NOOP	exact loader recognizes key but does not enforce gameplay policy
femaleModel	3	int	WEARABLE_MODEL_PRESENTATION	RECOGNIZED_ACTIVE_OR_ALIAS	
maleModel	3	int	WEARABLE_MODEL_PRESENTATION	RECOGNIZED_ACTIVE_OR_ALIAS	
destroy	2	bool	INTERACTION_POLICY	RECOGNIZED_POLICY_NOOP	exact loader recognizes key but does not enforce gameplay policy
maleOffsetX	2	int	WEARABLE_MODEL_PRESENTATION	RECOGNIZED_ACTIVE_OR_ALIAS	
cloneEquip	1	int	IDENTITY_CLONE_TEMPLATE	RECOGNIZED_NOOP_CLIENT	present in exact cache; no clone pre-pass and switch branch is no-op
disableInvHover	1	bool	INTERACTION_POLICY	RECOGNIZED_ACTIVE_OR_ALIAS	
femaleModel1	1	int	WEARABLE_MODEL_PRESENTATION	RECOGNIZED_ACTIVE_OR_ALIAS	
femaleoffsets	1	list	WEARABLE_MODEL_PRESENTATION	RECOGNIZED_ACTIVE_OR_ALIAS	
femaleOffsetX	1	int	WEARABLE_MODEL_PRESENTATION	RECOGNIZED_ACTIVE_OR_ALIAS	
groundActions	1	list	INTERACTION_POLICY	RECOGNIZED_ACTIVE_OR_ALIAS	
maleModel1	1	int	WEARABLE_MODEL_PRESENTATION	RECOGNIZED_ACTIVE_OR_ALIAS	
maleoffsets	1	list	WEARABLE_MODEL_PRESENTATION	RECOGNIZED_ACTIVE_OR_ALIAS	
modelID	1	int	INVENTORY_MODEL_PRESENTATION	RECOGNIZED_ACTIVE_OR_ALIAS	
newFemaleOffsets	1	list	WEARABLE_MODEL_PRESENTATION	RECOGNIZED_ACTIVE_OR_ALIAS	
newMaleOffsets	1	list	WEARABLE_MODEL_PRESENTATION	RECOGNIZED_ACTIVE_OR_ALIAS	
param_1	1	list	PARAM_EXTENSION	RECOGNIZED_DYNAMIC_PARAM_PREFIX	handled by dynamic param_ prefix
param_2	1	list	PARAM_EXTENSION	RECOGNIZED_DYNAMIC_PARAM_PREFIX	handled by dynamic param_ prefix
param_3	1	list	PARAM_EXTENSION	RECOGNIZED_DYNAMIC_PARAM_PREFIX	handled by dynamic param_ prefix
param_4	1	list	PARAM_EXTENSION	RECOGNIZED_DYNAMIC_PARAM_PREFIX	handled by dynamic param_ prefix
param_5	1	list	PARAM_EXTENSION	RECOGNIZED_DYNAMIC_PARAM_PREFIX	handled by dynamic param_ prefix
param_6	1	str	PARAM_EXTENSION	RECOGNIZED_DYNAMIC_PARAM_PREFIX	handled by dynamic param_ prefix
param_7	1	str	PARAM_EXTENSION	RECOGNIZED_DYNAMIC_PARAM_PREFIX	handled by dynamic param_ prefix
param_8	1	str	PARAM_EXTENSION	RECOGNIZED_DYNAMIC_PARAM_PREFIX	handled by dynamic param_ prefix
retexture	1	list	COLOUR_TEXTURE	RECOGNIZED_ACTIVE_OR_ALIAS	
template	1	int	IDENTITY_CLONE_TEMPLATE	RECOGNIZED_ACTIVE_OR_ALIAS	
textureInvANim	1	bool	INVENTORY_MODEL_PRESENTATION	RECOGNIZED_ACTIVE_OR_ALIAS	
