menu_action_code,semantic,exact_client_route,raw_outbound_packet_opcodes,authority
6,Unresolved special/local/telemetry action; packet transport exact,C2S39;C2S73;C2S136,39;73;136,EXACT_ROUTE
20,NPC option 1,C2S155,155,EXACT_ROUTE + SEMANTIC_FROM_PROTOCOL_FAMILY
27,Player option 3,C2S73 (+ C2S189 telemetry),73;189,EXACT_ROUTE + SEMANTIC_FROM_PROTOCOL_FAMILY
53,Widget-item option 5,C2S135,135,EXACT_ROUTE + SEMANTIC_FROM_PROTOCOL_FAMILY
62,Use selected item on object,C2S192,192,EXACT_ROUTE + SEMANTIC_FROM_PROTOCOL_FAMILY
74,Inventory-item option 1,C2S122,122,EXACT_ROUTE + SEMANTIC_FROM_PROTOCOL_FAMILY
78,Widget-item option 2,C2S117,117,EXACT_ROUTE + SEMANTIC_FROM_PROTOCOL_FAMILY
94,Cast selected spell on ground item,C2S181,181,EXACT_ROUTE + SEMANTIC_FROM_PROTOCOL_FAMILY
104,Special widget branch; exact semantic label unresolved,C2S185,185,EXACT_ROUTE + SEMANTIC_FROM_PROTOCOL_FAMILY
113,Object option 3,C2S70,70,EXACT_ROUTE + SEMANTIC_FROM_PROTOCOL_FAMILY
169,Widget action + local config/varp toggle path; widget 64029 enters text/input state,C2S185(widgetId),185,EXACT_ROUTE + SEMANTIC_FROM_PROTOCOL_FAMILY
213,Ground-item option 5,C2S79,79,EXACT_ROUTE + SEMANTIC_FROM_PROTOCOL_FAMILY
225,NPC option 3,C2S17 (+ C2S230 telemetry),17;230,EXACT_ROUTE + SEMANTIC_FROM_PROTOCOL_FAMILY
234,Ground-item option 3 (commonly Take; contextual),C2S236,236,EXACT_ROUTE + SEMANTIC_FROM_PROTOCOL_FAMILY
244,Ground-item option 4,C2S253,253,EXACT_ROUTE + SEMANTIC_FROM_PROTOCOL_FAMILY
291,Unresolved special/local/telemetry action; packet transport exact,C2S140,140,EXACT_ROUTE
300,Unresolved special/local/telemetry action; packet transport exact,C2S141,141,EXACT_ROUTE
315,Generic interface/widget action,C2S185(widgetId),185,EXACT_ROUTE + SEMANTIC_FROM_PROTOCOL_FAMILY
365,Cast selected spell on player,C2S249,249,EXACT_ROUTE + SEMANTIC_FROM_PROTOCOL_FAMILY
412,NPC option 2,C2S72,72,EXACT_ROUTE + SEMANTIC_FROM_PROTOCOL_FAMILY
413,Cast selected spell on NPC,C2S131,131,EXACT_ROUTE + SEMANTIC_FROM_PROTOCOL_FAMILY
431,Widget-item option 4,C2S129,129,EXACT_ROUTE + SEMANTIC_FROM_PROTOCOL_FAMILY
454,Inventory-item option 2 / equip-family alias,C2S41,41,EXACT_ROUTE + SEMANTIC_FROM_PROTOCOL_FAMILY
478,NPC option 5,C2S18 (+ C2S85 telemetry),18;85,EXACT_ROUTE + SEMANTIC_FROM_PROTOCOL_FAMILY
484,Unresolved special/local/telemetry action; packet transport exact,C2S39,39,EXACT_ROUTE
491,Use selected item on player,C2S14,14,EXACT_ROUTE + SEMANTIC_FROM_PROTOCOL_FAMILY
493,Inventory-item option 4,C2S75,75,EXACT_ROUTE + SEMANTIC_FROM_PROTOCOL_FAMILY
502,Object option 1,C2S132,132,EXACT_ROUTE + SEMANTIC_FROM_PROTOCOL_FAMILY
511,Use selected item on ground item,C2S25,25,EXACT_ROUTE + SEMANTIC_FROM_PROTOCOL_FAMILY
539,Inventory-item option 3,C2S16,16,EXACT_ROUTE + SEMANTIC_FROM_PROTOCOL_FAMILY
543,Cast selected spell on inventory item,C2S237,237,EXACT_ROUTE + SEMANTIC_FROM_PROTOCOL_FAMILY
561,Player option 1,C2S128 (+ C2S136 telemetry),128;136,EXACT_ROUTE + SEMANTIC_FROM_PROTOCOL_FAMILY
567,Ground-item option 2,C2S23,23,EXACT_ROUTE + SEMANTIC_FROM_PROTOCOL_FAMILY
577,Player option 4,C2S139,139,EXACT_ROUTE + SEMANTIC_FROM_PROTOCOL_FAMILY
582,Use selected item on NPC,C2S57,57,EXACT_ROUTE + SEMANTIC_FROM_PROTOCOL_FAMILY
632,Widget-item option 1,C2S145,145,EXACT_ROUTE + SEMANTIC_FROM_PROTOCOL_FAMILY
638,Widget-item option 6,C2S176,176,EXACT_ROUTE + SEMANTIC_FROM_PROTOCOL_FAMILY
646,Special widget action; sends widget id unless client gating rejects action,C2S185(widgetId),185,EXACT_ROUTE + SEMANTIC_FROM_PROTOCOL_FAMILY
652,Ground-item option 1,C2S156,156,EXACT_ROUTE + SEMANTIC_FROM_PROTOCOL_FAMILY
679,Unresolved special/local/telemetry action; packet transport exact,C2S40,40,EXACT_ROUTE
729,Player option 5,C2S39,39,EXACT_ROUTE + SEMANTIC_FROM_PROTOCOL_FAMILY
779,Player option 2,C2S153,153,EXACT_ROUTE + SEMANTIC_FROM_PROTOCOL_FAMILY
847,Inventory-item option 5 (contextual; not intrinsically Drop),C2S87,87,EXACT_ROUTE + SEMANTIC_FROM_PROTOCOL_FAMILY
867,Widget-item option 3,C2S43 (+ C2S200 telemetry),43;200,EXACT_ROUTE + SEMANTIC_FROM_PROTOCOL_FAMILY
870,Use selected item on inventory item,C2S53,53,EXACT_ROUTE + SEMANTIC_FROM_PROTOCOL_FAMILY
872,Object option 4,C2S234,234,EXACT_ROUTE + SEMANTIC_FROM_PROTOCOL_FAMILY
900,Object option 2,C2S252,252,EXACT_ROUTE + SEMANTIC_FROM_PROTOCOL_FAMILY
956,Cast selected spell on object,C2S35,35,EXACT_ROUTE + SEMANTIC_FROM_PROTOCOL_FAMILY
965,NPC option 4,C2S21 (+ C2S152 telemetry),21;152,EXACT_ROUTE + SEMANTIC_FROM_PROTOCOL_FAMILY
1062,Object option 5,C2S228 (+ C2S183 telemetry),183;228,EXACT_ROUTE + SEMANTIC_FROM_PROTOCOL_FAMILY
1500,"Client boolean toggle; sends fixed widget 5000 when enabled, 4999 when disabled",C2S185(5000|4999),185,EXACT_ROUTE + SEMANTIC_FROM_PROTOCOL_FAMILY
1506,Special fixed-widget action,C2S185(5001),185,EXACT_ROUTE + SEMANTIC_FROM_PROTOCOL_FAMILY
